Track,Artist,Year,Duration,Danceability,Energy,Loudness,Mode,Speechiness,Acousticness,Instrumentalness,Liveness,Valence,Tempo,Popularity
7 rings,Ariana Grande,2019,178626,0.78,0.321,-10.747,0,0.372,0.562,0.0,0.0881,0.315,139.961,50
Dangerous Woman,Ariana Grande,2016,235946,0.664,0.602,-5.369,0,0.0412,0.0529,0.0,0.356,0.289,134.049,70
God is a woman,Ariana Grande,2018,197546,0.602,0.658,-5.934,1,0.0558,0.0233,6e-05,0.237,0.268,145.031,75
Into You,Ariana Grande,2016,244453,0.623,0.734,-5.948,1,0.107,0.0162,1.75e-06,0.145,0.37,107.853,71
no tears left to cry,Ariana Grande,2018,205920,0.699,0.713,-5.507,0,0.0594,0.04,3.11e-06,0.294,0.354,121.993,75
positions,Ariana Grande,2020,172324,0.737,0.802,-4.771,1,0.0878,0.468,0.0,0.0931,0.682,144.015,79
Side To Side,Ariana Grande,2017,226160,0.649,0.736,-5.84,0,0.23,0.0528,0.0,0.235,0.612,159.182,66
"thank u, next",Ariana Grande,2019,207320,0.72,0.654,-5.634,1,0.0647,0.227,0.0,0.101,0.411,106.976,78
Callaita,Bad Bunny,2019,250533,0.608,0.626,-4.773,1,0.301,0.597,2.16e-06,0.25,0.246,176.086,76
DÁKITI,Bad Bunny,2020,205090,0.731,0.573,-10.059,0,0.0544,0.401,5.22e-05,0.113,0.145,109.928,77
MIA,Bad Bunny,2018,210367,0.816,0.538,-6.354,0,0.0617,0.0142,0.000485,0.099,0.156,97.055,75
Safaera,Bad Bunny,2020,295176,0.607,0.829,-4.074,1,0.379,0.0103,0.0,0.107,0.685,96.172,74
Vete,Bad Bunny,2019,192024,0.886,0.672,-4.394,1,0.188,0.0363,8.78e-06,0.101,0.526,91.976,69
Yo Perreo Sola,Bad Bunny,2020,172127,0.86,0.758,-5.16,1,0.0695,0.021,6.54e-05,0.344,0.453,97.014,71
Fall In Love,Bailey Zimmerman,2023,232058,0.524,0.643,-6.055,1,0.0297,0.451,0.0,0.221,0.397,135.962,75
Get to Gettin’ Gone,Bailey Zimmerman,2022,182465,0.584,0.68,-6.781,1,0.0351,0.285,0.0,0.0901,0.55,146.093,64
Religiously,Bailey Zimmerman,2023,178723,0.57,0.67,-6.519,1,0.0274,0.426,0.0,0.108,0.593,140.924,77
Rock and A Hard Place,Bailey Zimmerman,2022,207540,0.582,0.568,-7.3,1,0.0275,0.577,0.0,0.105,0.394,121.991,79
Small Town Crazy,Bailey Zimmerman,2023,162352,0.502,0.877,-2.847,1,0.0746,0.0129,0.0,0.244,0.696,170.123,55
Trainwreck,Bailey Zimmerman,2022,210869,0.509,0.803,-5.543,1,0.0272,0.0772,0.0,0.133,0.373,138.022,53
Where It Ends,Bailey Zimmerman,2023,179294,0.431,0.837,-5.067,1,0.0432,0.259,0.0,0.0879,0.648,170.041,80
I'm a Mess,Bebe Rexha,2018,195519,0.63,0.694,-6.257,0,0.0253,0.00281,0.0,0.0719,0.216,97.005,70
Meant to Be (feat. Florida Georgia Line),Bebe Rexha,2017,163870,0.643,0.783,-6.458,1,0.0856,0.047,0.0,0.083,0.579,154.084,71
No Broken Hearts (feat. Nicki Minaj),Bebe Rexha,2017,239991,0.704,0.722,-3.524,1,0.045,0.0522,0.0,0.0645,0.675,122.094,53
Sacrifice,Bebe Rexha,2022,160871,0.659,0.877,-5.089,0,0.0288,0.0878,0.0,0.094,0.471,119.992,51
The Way I Are (Dance with Somebody) [feat. Lil Wayne],Bebe Rexha,2018,187787,0.466,0.659,-6.077,1,0.115,0.00282,0.0,0.273,0.36,186.169,52
"You Can't Stop The Girl (From Disney's ""Maleficent: Mistress of Evil"")",Bebe Rexha,2019,158258,0.394,0.718,-6.336,1,0.0607,0.706,0.0,0.116,0.247,151.912,54
Formation,Beyoncé,2016,206080,0.896,0.621,-6.857,0,0.237,0.00532,0.0,0.196,0.818,121.966,68
bad guy,Billie Eilish,2019,194087,0.701,0.425,-10.965,1,0.375,0.328,0.13,0.1,0.562,135.128,81
bury a friend,Billie Eilish,2019,193143,0.905,0.389,-14.505,1,0.332,0.74,0.162,0.106,0.196,120.046,73
everything i wanted,Billie Eilish,2019,245425,0.704,0.225,-14.454,0,0.0994,0.902,0.657,0.106,0.243,120.006,82
idontwannabeyouanymore,Billie Eilish,2017,203569,0.483,0.412,-8.461,1,0.0402,0.737,0.0,0.116,0.247,170.163,77
lovely (with Khalid),Billie Eilish,2018,200185,0.351,0.296,-10.109,0,0.0333,0.934,0.0,0.095,0.12,115.284,87
my future,Billie Eilish,2020,208155,0.444,0.309,-10.956,1,0.062,0.795,0.132,0.352,0.0875,104.745,67
Therefore I Am,Billie Eilish,2020,173539,0.879,0.365,-7.781,1,0.0924,0.227,0.135,0.0583,0.663,94.016,72
when the party's over,Billie Eilish,2018,196077,0.367,0.111,-14.084,1,0.0972,0.978,3.97e-05,0.0897,0.198,82.642,83
Your Power,Billie Eilish,2021,245896,0.632,0.284,-14.025,0,0.0801,0.932,0.000476,0.233,0.208,129.642,72
Bartier Cardi (feat. 21 Savage),Cardi B,2017,224284,0.908,0.524,-7.955,1,0.181,0.00111,0.000678,0.383,0.109,138.015,60
Be Careful,Cardi B,2018,210787,0.82,0.568,-8.23,0,0.411,0.0256,0.0,0.0952,0.535,152.279,67
Bodak Yellow,Cardi B,2017,223712,0.926,0.703,-6.337,0,0.103,0.0659,0.0,0.231,0.485,125.022,70
Drip (feat. Migos),Cardi B,2018,262308,0.968,0.589,-7.808,1,0.255,0.0511,0.0,0.0731,0.268,129.993,54
I Like It,Cardi B,2018,253390,0.816,0.726,-3.998,0,0.129,0.099,0.0,0.372,0.65,136.048,77
Money,Cardi B,2018,183527,0.95,0.59,-6.508,0,0.29,0.00534,0.0,0.11,0.219,130.003,69
Please Me,Cardi B,2019,200889,0.747,0.57,-6.711,1,0.081,0.0642,0.0,0.0832,0.65,133.992,75
Press,Cardi B,2020,143791,0.888,0.525,-5.665,1,0.305,0.029,5.68e-06,0.137,0.243,133.983,61
Up,Cardi B,2021,156944,0.868,0.795,-6.044,1,0.269,0.0012,0.0193,0.0461,0.819,166.0,65
WAP (feat. Megan Thee Stallion),Cardi B,2020,187541,0.935,0.454,-7.509,1,0.375,0.0194,0.0,0.0824,0.357,133.073,77
Fine China,Chris Brown,2019,213200,0.654,0.731,-4.767,0,0.0568,0.0419,0.0,0.122,0.59,104.002,61
Forever,Chris Brown,2019,278573,0.672,0.82,-4.456,1,0.0459,0.0368,0.000188,0.184,0.438,120.005,76
Loyal (feat. Lil Wayne & Tyga),Chris Brown,2018,264946,0.841,0.522,-5.963,0,0.049,0.0168,1.37e-06,0.188,0.616,99.059,74
No Guidance (feat. Drake),Chris Brown,2019,260640,0.696,0.454,-6.756,0,0.153,0.123,0.0,0.155,0.136,92.928,76
Strip (feat. Kevin McCall),Chris Brown,2018,167813,0.803,0.79,-4.353,1,0.125,0.00863,0.0,0.0441,0.712,94.982,57
Almost There,Coco Jones,2023,238070,0.57,0.512,-6.725,1,0.0518,0.0715,8.42e-05,0.1,0.295,82.568,49
Double Back,Coco Jones,2023,159244,0.669,0.55,-5.352,0,0.108,0.203,0.0,0.127,0.133,79.99,55
Here We Go (Uh Oh),Coco Jones,2023,216507,0.401,0.749,-2.341,0,0.17,0.322,0.000161,0.117,0.474,177.165,65
ICU,Coco Jones,2022,241624,0.587,0.447,-6.765,1,0.0641,0.698,0.0,0.113,0.315,124.669,65
Sweep It Up,Coco Jones,2023,197958,0.508,0.689,-3.265,0,0.0764,0.137,0.0,0.18,0.528,79.907,51
Dirt Cheap,Cody Johnson,2022,239346,0.62,0.507,-5.891,1,0.0307,0.111,0.0,0.101,0.266,120.065,74
Human,Cody Johnson,2021,221520,0.4,0.647,-7.279,1,0.0337,0.176,5.79e-05,0.11,0.274,84.08,67
Long Haired Country Boy (feat. The Rockin' CJB),Cody Johnson,2023,257079,0.539,0.786,-4.884,1,0.0269,0.00228,1.79e-05,0.121,0.503,88.969,53
Me and My Kind,Cody Johnson,2016,156200,0.588,0.807,-3.426,1,0.0283,0.0835,0.0,0.109,0.674,110.014,75
Monday Morning Merle,Cody Johnson,2023,229120,0.596,0.58,-6.318,1,0.0229,0.257,0.000102,0.196,0.409,93.979,50
Nothin' on You,Cody Johnson,2018,260466,0.358,0.358,-7.18,1,0.0307,0.566,0.000232,0.104,0.158,134.629,63
On My Way to You,Cody Johnson,2019,213306,0.443,0.538,-5.477,1,0.0309,0.327,4.61e-05,0.0866,0.245,157.97,63
The Painter,Cody Johnson,2022,211413,0.512,0.709,-5.766,1,0.0329,0.0415,4.25e-06,0.107,0.261,97.981,69
Til You Can't,Cody Johnson,2021,224213,0.501,0.815,-4.865,1,0.0436,0.0513,0.0,0.106,0.46,160.087,73
BIG PURR (Prrdd) (feat. Pooh Shiesty),Coi Leray,2021,116760,0.774,0.412,-8.619,1,0.378,0.026,0.0,0.088,0.38,139.943,46
Blick Blick (with Nicki Minaj),Coi Leray,2022,178413,0.916,0.824,-4.444,0,0.422,0.222,0.00108,0.0661,0.87,139.926,51
No More Parties,Coi Leray,2021,140920,0.847,0.405,-10.901,1,0.584,0.232,5.37e-06,0.0944,0.588,156.999,46
Players,Coi Leray,2022,139560,0.948,0.512,-5.74,0,0.146,0.0269,8.57e-06,0.0504,0.599,105.004,71
TWINNEM,Coi Leray,2021,117066,0.885,0.353,-10.484,1,0.0912,0.0866,5.78e-05,0.173,0.316,134.079,47
Break Up in the End,Cole Swindell,2018,199693,0.507,0.372,-8.433,1,0.0303,0.481,0.0,0.271,0.257,86.422,61
Forever To Me,Cole Swindell,2019,179666,0.56,0.555,-7.612,1,0.0318,0.166,0.0,0.0837,0.328,153.986,60
Love You Too Late,Cole Swindell,2019,204720,0.542,0.797,-4.45,0,0.0379,0.00111,0.0,0.0906,0.593,113.95,54
She Had Me At Heads Carolina,Cole Swindell,2022,206106,0.607,0.912,-3.449,1,0.0611,0.124,0.0,0.332,0.722,134.944,74
Somebody's Been Drinkin',Cole Swindell,2021,225266,0.481,0.775,-5.494,1,0.0597,0.0169,1.39e-05,0.0978,0.273,136.035,39
Stay Downtown,Cole Swindell,2021,201866,0.336,0.758,-4.187,1,0.0451,0.00275,0.0,0.189,0.236,77.807,42
You Should Be Here,Cole Swindell,2016,190173,0.489,0.641,-4.455,1,0.0282,0.0592,0.0,0.0857,0.303,136.095,61
Never Ready,Corey Kent,2022,281306,0.478,0.653,-7.058,1,0.0312,0.0819,0.0,0.106,0.348,152.005,56
Now or Never (feat. Lauren Alaina),Corey Kent,2022,174946,0.478,0.768,-4.784,1,0.0342,0.102,0.0,0.101,0.465,110.046,55
Rust,Corey Kent,2022,169720,0.469,0.813,-4.875,0,0.0422,0.00714,0.0,0.131,0.406,120.894,59
Something's Gonna Kill Me,Corey Kent,2022,183680,0.659,0.823,-5.77,0,0.0415,0.0174,1.82e-06,0.11,0.405,112.931,65
This Heart,Corey Kent,2022,186973,0.406,0.843,-5.124,0,0.0526,0.0889,0.0,0.158,0.271,150.054,68
Wild as Her,Corey Kent,2023,199733,0.504,0.736,-6.079,1,0.0352,0.00216,0.0,0.129,0.46,148.014,61
Here With Me,d4vd,2022,242484,0.575,0.45,-9.306,1,0.0259,0.531,6.59e-05,0.124,0.263,132.039,84
Once More,d4vd,2022,121695,0.672,0.253,-12.71,0,0.0395,0.864,0.0,0.0787,0.409,76.481,60
Romantic Homicide,d4vd,2022,132630,0.571,0.544,-10.613,1,0.0299,0.453,0.00805,0.322,0.216,132.052,86
Sleep Well,d4vd,2023,175875,0.37,0.358,-10.633,1,0.0317,0.799,7.08e-06,0.142,0.186,147.581,74
There Goes My Baby,d4vd,2023,210666,0.531,0.307,-8.92,1,0.0316,0.852,8.25e-06,0.157,0.25,118.652,69
"Hey Mama (feat. Nicki Minaj, Bebe Rexha & Afrojack)",David Guetta,2015,192560,0.596,0.73,-4.091,1,0.151,0.24,0.0,0.325,0.525,85.979,62
Burn,David Kushner,2023,179173,0.574,0.408,-9.733,1,0.0359,0.799,0.00295,0.15,0.134,126.127,70
Daylight,David Kushner,2023,212953,0.508,0.43,-9.475,0,0.0335,0.83,0.000441,0.093,0.324,130.09,87
Hero,David Kushner,2023,206218,0.4,0.335,-8.355,1,0.0389,0.673,0.0,0.0856,0.208,99.378,66
Mr. Forgettable,David Kushner,2023,187293,0.564,0.412,-9.23,0,0.0274,0.554,0.0,0.151,0.29,144.689,71
Skin and Bones,David Kushner,2023,214632,0.484,0.457,-10.205,1,0.0376,0.649,0.477,0.148,0.17,116.9,72
Alter Ego (with JT),Doechii,2023,204094,0.841,0.725,-5.314,0,0.0624,0.00821,2.15e-06,0.519,0.731,127.047,66
Crazy,Doechii,2023,134116,0.841,0.879,-4.336,1,0.0743,0.0055,0.00211,0.101,0.458,128.966,51
Persuasive,Doechii,2023,216707,0.822,0.627,-5.826,0,0.126,0.143,0.0,0.146,0.5,120.057,51
ROCKET,Doechii,2023,166315,0.622,0.78,-6.441,1,0.341,0.0702,0.00233,0.331,0.755,113.184,59
What It Is (Solo Version),Doechii,2023,189824,0.74,0.758,-5.851,0,0.0921,0.061,1.44e-06,0.0967,0.757,171.925,73
Yucky Blucky Fruitcake,Doechii,2023,275526,0.596,0.617,-7.52,1,0.286,0.481,0.0,0.659,0.906,98.099,53
Boss Bitch,Doja Cat,2021,134239,0.707,0.955,-4.593,0,0.222,0.127,0.0,0.202,0.575,125.989,76
Juicy,Doja Cat,2019,203093,0.785,0.652,-2.607,1,0.0668,0.102,0.0,0.0697,0.484,170.024,67
Kiss Me More (feat. SZA),Doja Cat,2021,208666,0.764,0.705,-3.463,1,0.0284,0.259,8.92e-05,0.12,0.781,110.97,81
Paint The Town Red,Doja Cat,2023,231750,0.868,0.538,-8.603,1,0.174,0.269,3.34e-06,0.0901,0.732,99.968,81
Rules,Doja Cat,2019,187040,0.651,0.724,-5.457,1,0.166,0.172,0.0,0.13,0.686,144.146,72
Say So,Doja Cat,2020,237893,0.787,0.673,-4.583,0,0.159,0.264,3.35e-06,0.0904,0.779,110.962,75
Streets,Doja Cat,2020,226986,0.749,0.463,-8.433,1,0.0842,0.21,0.0382,0.338,0.189,90.035,80
Vegas,Doja Cat,2022,183026,0.789,0.604,-7.616,0,0.25,0.0768,4.89e-05,0.137,0.765,159.979,56
Woman,Doja Cat,2021,172626,0.824,0.764,-4.175,0,0.0854,0.0888,0.00294,0.117,0.881,107.998,82
You Right,Doja Cat,2021,186173,0.828,0.621,-6.414,1,0.0565,0.0164,0.00233,0.0845,0.436,128.986,76
Be the One,Dua Lipa,2017,202914,0.661,0.651,-3.771,0,0.0499,0.117,1.32e-05,0.056,0.368,87.46,67
Break My Heart,Dua Lipa,2020,221820,0.73,0.729,-3.434,0,0.0884,0.167,1.39e-06,0.349,0.467,113.011,75
Don't Start Now,Dua Lipa,2019,183290,0.793,0.793,-4.521,0,0.083,0.0123,0.0,0.0951,0.679,123.95,84
IDGAF,Dua Lipa,2018,217946,0.836,0.544,-5.975,1,0.0943,0.0403,0.0,0.0824,0.51,97.028,79
Levitating,Dua Lipa,2020,203807,0.695,0.884,-2.278,0,0.0753,0.0561,0.0,0.213,0.914,103.014,77
Love Again,Dua Lipa,2021,258004,0.659,0.667,-4.668,0,0.0339,0.00173,2.85e-05,0.1,0.468,115.982,72
New Rules,Dua Lipa,2017,209320,0.762,0.7,-6.021,0,0.0694,0.00261,1.56e-05,0.153,0.608,116.073,82
Physical,Dua Lipa,2020,193829,0.647,0.844,-3.756,1,0.0457,0.0137,0.000658,0.102,0.746,146.967,78
We're Good,Dua Lipa,2021,165506,0.722,0.588,-5.932,1,0.0544,0.0319,0.0,0.183,0.59,134.01,68
Bad Habits,Ed Sheeran,2021,230746,0.807,0.893,-3.745,0,0.0347,0.0451,2.79e-05,0.366,0.537,126.011,80
Castle on the Hill,Ed Sheeran,2017,261153,0.461,0.834,-4.868,1,0.0989,0.0232,1.14e-05,0.14,0.471,135.007,78
Galway Girl,Ed Sheeran,2017,170826,0.624,0.876,-3.374,1,0.1,0.0735,0.0,0.327,0.781,99.943,77
Happier,Ed Sheeran,2018,207520,0.522,0.385,-7.355,1,0.0288,0.536,0.0,0.135,0.236,89.792,75
I Don't Care (with Justin Bieber),Ed Sheeran,2019,219946,0.798,0.676,-5.041,1,0.0442,0.0902,0.0,0.0894,0.843,101.956,74
Perfect,Ed Sheeran,2017,263400,0.599,0.448,-6.312,1,0.0232,0.163,0.0,0.106,0.168,95.05,86
Photograph,Ed Sheeran,2015,258986,0.614,0.379,-10.48,1,0.0476,0.607,0.000464,0.0986,0.201,107.989,82
Shape of You,Ed Sheeran,2017,233712,0.825,0.652,-3.183,0,0.0802,0.581,0.0,0.0931,0.931,95.977,85
Shivers,Ed Sheeran,2021,207853,0.788,0.859,-2.724,1,0.0856,0.281,0.0,0.0424,0.822,141.02,82
Con Tus Besos,Eslabon Armado,2023,226821,0.681,0.664,-8.019,0,0.0353,0.335,0.0,0.0418,0.861,102.166,71
HASTA LA MUERTE,Eslabon Armado,2022,209902,0.555,0.832,-3.691,1,0.0412,0.28,0.0,0.0894,0.43,170.124,74
Tú Eres,Eslabon Armado,2023,245203,0.62,0.461,-7.688,1,0.0268,0.605,2.9e-05,0.0758,0.561,97.659,44
Lovin' Me,FIFTY FIFTY,2023,189809,0.459,0.543,-8.763,1,0.408,0.637,3.08e-05,0.0886,0.556,170.881,44
Bebe Dame,Fuerza Regida,2022,271861,0.537,0.602,-4.631,1,0.0458,0.296,0.0,0.0715,0.753,157.437,71
CRAZYZ,Fuerza Regida,2023,204815,0.809,0.849,-6.769,0,0.0738,0.251,7.36e-05,0.325,0.753,126.0,79
NEL,Fuerza Regida,2022,149073,0.69,0.482,-6.335,0,0.2,0.523,0.0004,0.0728,0.356,100.029,84
Radicamos En South Central,Fuerza Regida,2023,228853,0.748,0.739,-1.972,1,0.0381,0.461,4.7e-06,0.0834,0.962,115.966,62
Sigo Chambeando,Fuerza Regida,2023,200161,0.819,0.48,-6.966,1,0.0489,0.685,2.03e-06,0.116,0.759,114.04,63
NO SE VA - EN VIVO,Grupo Frontera,2023,193816,0.57,0.71,-4.526,1,0.0304,0.0898,0.0,0.292,0.752,172.719,78
QUE VUELVAS,Grupo Frontera,2023,169418,0.497,0.644,-4.309,1,0.0443,0.188,0.0,0.114,0.779,162.542,81
un x100to,Grupo Frontera,2023,194563,0.571,0.72,-4.089,1,0.0458,0.213,0.0,0.271,0.542,83.827,79
Baby Birkin,Gunna,2021,181948,0.848,0.649,-6.083,1,0.315,0.232,0.0,0.101,0.629,118.04,57
DOLLAZ ON MY HEAD (feat. Young Thug),Gunna,2021,197760,0.825,0.458,-7.47,1,0.0577,0.114,0.0,0.102,0.161,145.115,68
pushin P (feat. Young Thug),Gunna,2022,136266,0.773,0.422,-4.572,0,0.187,0.00783,0.00693,0.129,0.488,77.502,69
rodeo dr,Gunna,2022,176946,0.8,0.754,-5.259,0,0.216,0.0668,0.0,0.278,0.334,134.136,60
Sold Out Dates (feat. Lil Baby),Gunna,2022,166368,0.817,0.556,-7.178,0,0.14,0.469,0.0,0.131,0.314,126.991,66
GIVE HEAVEN SOME HELL,HARDY,2021,217801,0.639,0.839,-4.99,1,0.0364,0.0529,0.0,0.0854,0.528,126.057,70
REDNECKER,HARDY,2020,201832,0.536,0.751,-5.472,1,0.0342,0.0506,9.63e-05,0.1,0.51,143.977,65
ROCKSTAR,HARDY,2020,194341,0.542,0.962,-3.096,1,0.0911,0.000474,0.00103,0.166,0.659,150.025,63
TRUCK BED,HARDY,2021,167534,0.663,0.77,-4.88,1,0.0371,0.0876,0.0,0.352,0.772,132.058,79
WHERE YA AT,HARDY,2022,179506,0.635,0.97,-4.03,1,0.0481,0.0087,1.88e-05,0.393,0.712,117.981,42
Adore You,Harry Styles,2019,207133,0.676,0.771,-3.675,1,0.0483,0.0237,7e-06,0.102,0.569,99.048,82
As It Was,Harry Styles,2022,167303,0.52,0.731,-5.338,0,0.0557,0.342,0.00101,0.311,0.662,173.93,91
Falling,Harry Styles,2020,240133,0.567,0.267,-6.502,1,0.0299,0.839,1.46e-06,0.089,0.0592,110.011,79
Golden,Harry Styles,2020,208906,0.448,0.838,-5.257,0,0.0557,0.21,0.000131,0.131,0.254,139.863,74
Kiwi,Harry Styles,2017,176386,0.375,0.93,-2.631,1,0.0561,0.00064,0.0,0.318,0.491,147.124,69
Lights Up,Harry Styles,2019,172213,0.575,0.621,-8.165,0,0.032,0.0392,0.0045,0.141,0.27,101.987,69
Sign of the Times,Harry Styles,2017,340706,0.516,0.595,-4.63,1,0.0313,0.0275,0.0,0.109,0.222,119.972,81
Sweet Creature,Harry Styles,2017,224866,0.427,0.262,-8.541,1,0.0276,0.746,0.0,0.068,0.228,104.085,71
Treat People With Kindness,Harry Styles,2021,197346,0.653,0.869,-3.725,1,0.0382,0.128,2.2e-05,0.046,0.697,122.017,62
Watermelon Sugar,Harry Styles,2020,174000,0.548,0.816,-4.209,1,0.0465,0.122,0.0,0.335,0.557,95.39,86
Bikini Bottom,Ice Spice,2023,106666,0.749,0.629,-5.434,1,0.216,0.21,1.62e-06,0.0849,0.577,161.945,60
Deli,Ice Spice,2023,126857,0.793,0.768,-6.244,1,0.144,0.118,3.65e-05,0.114,0.261,140.141,73
Did It First (with Central Cee),Ice Spice,2023,118002,0.635,0.574,-7.453,1,0.322,0.229,0.0,0.126,0.592,153.938,86
In Ha Mood,Ice Spice,2022,129360,0.767,0.722,-6.586,1,0.31,0.678,1.1e-05,0.231,0.52,141.075,67
Munch (Feelin’ U),Ice Spice,2022,104819,0.811,0.528,-7.278,0,0.275,0.291,0.0,0.0787,0.635,166.084,64
No Clarity,Ice Spice,2023,108169,0.613,0.668,-5.812,1,0.2,0.591,1.37e-05,0.169,0.716,141.826,52
Phat Butt,Ice Spice,2023,129293,0.749,0.512,-9.28,1,0.19,0.0526,0.0282,0.116,0.111,165.093,64
LA CANCIÓN,J Balvin,2019,242573,0.756,0.646,-5.795,1,0.319,0.152,1.81e-05,0.108,0.429,176.088,84
QUE PRETENDES,J Balvin,2020,222346,0.639,0.791,-4.443,0,0.254,0.0275,0.0,0.362,0.933,92.603,76
1985 - Intro to “The Fall Off”,J. Cole,2018,190176,0.679,0.648,-5.892,1,0.445,0.145,0.0,0.182,0.635,94.378,57
ATM,J. Cole,2018,216726,0.772,0.498,-7.661,1,0.649,0.115,0.0,0.0898,0.351,81.817,57
Deja Vu,J. Cole,2018,264746,0.657,0.421,-11.378,1,0.412,0.352,0.000218,0.187,0.181,174.063,67
False Prophets,J. Cole,2016,237426,0.729,0.739,-9.5,0,0.338,0.696,9.37e-06,0.164,0.749,90.306,55
Love Yourz,J. Cole,2018,211496,0.677,0.638,-8.631,1,0.333,0.589,0.0,0.193,0.435,82.81,74
Neighbors,J. Cole,2018,216520,0.898,0.283,-12.335,0,0.356,0.319,0.000383,0.11,0.469,138.97,69
Any Ol' Barstool,Jason Aldean,2016,203293,0.539,0.722,-4.163,1,0.0282,0.314,0.0,0.117,0.497,143.78,59
You Make It Easy,Jason Aldean,2018,193226,0.542,0.571,-5.299,1,0.028,0.156,0.0,0.101,0.506,131.877,72
Creature,Jelly Roll,2023,239592,0.763,0.603,-9.201,1,0.0788,0.176,0.0,0.0863,0.402,140.068,65
Dancing With The Devil,Jelly Roll,2021,217360,0.39,0.791,-4.777,1,0.0568,0.223,0.0,0.0683,0.487,179.68,52
Need A Favor,Jelly Roll,2023,197400,0.502,0.771,-4.246,1,0.032,0.0123,1.82e-05,0.0801,0.557,157.978,77
Save Me,Jelly Roll,2021,240722,0.677,0.404,-9.552,1,0.027,0.653,0.0,0.249,0.355,83.087,69
Sober,Jelly Roll,2021,156133,0.458,0.542,-6.989,1,0.0313,0.357,1.98e-06,0.114,0.26,79.747,55
Son Of A Sinner,Jelly Roll,2021,232093,0.365,0.541,-7.489,1,0.0304,0.0419,2.25e-06,0.281,0.329,86.041,74
Almost Maybes,Jordan Davis,2022,179152,0.582,0.868,-3.927,1,0.0522,0.146,0.0,0.103,0.555,90.105,55
Buy Dirt,Jordan Davis,2021,167480,0.586,0.559,-6.725,1,0.05,0.639,0.0,0.0872,0.437,177.945,80
Cool Anymore,Jordan Davis,2022,200415,0.519,0.738,-5.452,1,0.0327,0.133,0.0,0.0986,0.506,155.972,48
Next Thing You Know,Jordan Davis,2023,175226,0.549,0.608,-8.253,1,0.0481,0.682,0.0,0.0966,0.399,78.534,77
Selfish,Jordan Davis,2022,192954,0.752,0.655,-6.07,1,0.0366,0.118,0.000297,0.0909,0.669,89.97,52
Singles You Up,Jordan Davis,2018,182666,0.491,0.907,-3.594,1,0.0481,0.0491,0.0,0.242,0.631,199.943,69
Slow Dance In A Parking Lot,Jordan Davis,2018,193929,0.523,0.837,-4.494,1,0.0335,0.301,0.0,0.172,0.523,82.006,66
Take It From Me,Jordan Davis,2021,174254,0.592,0.891,-3.144,1,0.0512,0.0267,0.0,0.352,0.674,99.983,71
3D (feat. Jack Harlow),Jung Kook,2023,201812,0.853,0.824,-3.287,1,0.103,0.0322,0.0,0.0859,0.888,108.044,78
Dreamers [Music from the FIFA World Cup Qatar 2022 Official Soundtrack],Jung Kook,2022,201391,0.709,0.879,-4.218,1,0.042,0.158,0.00158,0.441,0.34,114.99,71
Seven (feat. Latto) (Explicit Ver.),Jung Kook,2023,183550,0.79,0.831,-4.185,1,0.044,0.312,0.0,0.0797,0.872,124.987,86
Standing Next to You,Jung Kook,2023,206019,0.711,0.809,-4.389,0,0.0955,0.0447,0.0,0.339,0.816,106.017,90
Still With You,Jung Kook,2020,239905,0.529,0.469,-6.967,0,0.0358,0.0899,1.53e-05,0.831,0.344,87.864,77
Yes or No,Jung Kook,2023,147557,0.671,0.839,-2.645,1,0.0866,0.179,0.0,0.0748,0.882,83.845,77
Extssy Model,Junior H,2023,240654,0.675,0.725,-4.766,0,0.0334,0.0839,0.0,0.334,0.469,92.513,81
TRES BOTELLAS,Junior H,2023,162648,0.723,0.59,-7.688,0,0.0341,0.246,5.02e-05,0.201,0.587,97.481,78
clouds,JVKE,2021,162615,0.641,0.905,-3.694,1,0.0334,0.435,0.0491,0.185,0.875,94.874,67
golden hour,JVKE,2021,209259,0.515,0.593,-4.801,1,0.0322,0.653,0.162,0.25,0.153,94.467,77
this is what falling in love feels like,JVKE,2022,120308,0.422,0.44,-5.53,1,0.0544,0.617,0.0,0.0837,0.332,128.934,76
this is what heartbreak feels like,JVKE,2023,157636,0.707,0.474,-4.603,1,0.0672,0.578,0.0,0.11,0.538,109.991,67
Fantasy (feat. Don Toliver),Kali Uchis,2022,178274,0.625,0.684,-6.146,1,0.0496,0.132,0.000334,0.137,0.133,104.023,66
Moonlight,Kali Uchis,2022,187723,0.642,0.706,-6.832,0,0.0507,0.518,0.0,0.243,0.86,136.854,80
Simple,Kali Uchis,2022,202123,0.611,0.454,-9.166,0,0.0257,0.498,0.077,0.15,0.354,87.945,64
telepatía,Kali Uchis,2020,160191,0.653,0.524,-9.016,0,0.0502,0.112,0.0,0.203,0.553,83.97,82
Cool Again,Kane Brown,2020,164668,0.608,0.735,-5.497,1,0.0371,0.0156,1.69e-06,0.361,0.773,90.007,52
Good as You,Kane Brown,2018,192053,0.626,0.516,-6.05,1,0.0388,0.4,0.0,0.142,0.769,153.653,62
Heaven,Kane Brown,2018,179506,0.677,0.556,-6.544,1,0.0306,0.263,0.0,0.105,0.521,80.006,71
Homesick,Kane Brown,2018,205400,0.701,0.5,-8.82,1,0.0303,0.46,0.0,0.234,0.409,97.028,61
Lose It,Kane Brown,2018,178986,0.545,0.854,-4.968,0,0.0289,0.00244,1.2e-06,0.249,0.436,91.967,60
What Ifs (feat. Lauren Alaina),Kane Brown,2017,188253,0.612,0.799,-4.603,1,0.0275,0.00898,0.0,0.172,0.687,125.976,71
Worship You,Kane Brown,2020,205746,0.63,0.496,-7.011,1,0.0329,0.388,0.0,0.088,0.387,78.024,45
Ahora Me Llama,KAROL G,2017,235226,0.646,0.573,-5.716,0,0.041,0.00949,3.98e-05,0.0932,0.109,134.979,70
AMARGURA,KAROL G,2023,170480,0.912,0.7,-3.331,0,0.068,0.163,0.0,0.174,0.535,106.981,88
CONTIGO (with Tiësto),KAROL G,2023,192786,0.85,0.562,-7.863,1,0.0724,0.169,3.23e-06,0.104,0.293,122.029,82
EL MAKINON,KAROL G,2021,209160,0.635,0.706,-3.224,0,0.125,0.256,0.0,0.108,0.443,88.863,74
GATITA GANGSTER,KAROL G,2023,170920,0.826,0.552,-5.167,0,0.144,0.167,6.23e-06,0.101,0.532,96.981,75
GATÚBELA,KAROL G,2022,209160,0.627,0.858,-2.824,0,0.386,0.263,0.0,0.21,0.342,92.523,71
Ocean,KAROL G,2023,155946,0.727,0.482,-6.193,1,0.115,0.933,0.0,0.388,0.487,74.93,73
PROVENZA,KAROL G,2022,207626,0.863,0.502,-7.912,1,0.0496,0.61,0.00765,0.11,0.567,111.029,83
Si Antes Te Hubiera Conocido,KAROL G,2023,195824,0.924,0.668,-6.795,1,0.0469,0.446,0.000594,0.0678,0.787,128.027,96
Tusa,KAROL G,2019,200960,0.803,0.715,-3.28,1,0.298,0.295,0.000134,0.0574,0.574,101.085,74
Piece by Piece - Idol Version,Kelly Clarkson,2016,212280,0.561,0.245,-6.372,1,0.0344,0.904,0.0,0.0933,0.402,109.558,56
Clarity,Kim Petras,2022,122872,0.702,0.685,-5.287,1,0.0879,0.00187,3.98e-05,0.227,0.573,159.88,37
Coconuts,Kim Petras,2022,168559,0.728,0.863,-4.67,0,0.0675,0.0139,0.000259,0.167,0.489,111.972,52
Future Starts Now,Kim Petras,2022,279270,0.693,0.853,-4.241,1,0.0503,0.00329,0.000193,0.123,0.432,119.948,46
Heart to Break,Kim Petras,2018,225972,0.737,0.602,-5.292,1,0.204,0.0393,2.74e-06,0.236,0.88,109.039,56
I Don't Want It At All,Kim Petras,2018,250615,0.768,0.729,-3.521,0,0.0743,0.101,0.0,0.0774,0.772,110.02,48
Malibu,Kim Petras,2020,191808,0.627,0.838,-4.352,1,0.183,0.0247,0.000383,0.223,0.536,120.0,48
Sex Talk,Kim Petras,2020,155853,0.88,0.674,-6.143,0,0.206,0.0457,0.0,0.0279,0.859,111.985,36
There Will Be Blood,Kim Petras,2023,197651,0.563,0.879,-4.735,0,0.0907,0.00125,1.76e-05,0.166,0.602,107.013,46
Treat Me Like A Slut,Kim Petras,2021,118153,0.914,0.696,-4.482,0,0.134,0.00225,7.97e-05,0.0979,0.572,130.028,63
BIG MAD,Ktlyn,2023,143111,0.958,0.523,-6.1,1,0.0591,0.0293,0.0,0.106,0.309,102.039,57
Plain Jayne,Ktlyn,2023,123920,0.893,0.558,-6.556,1,0.152,0.278,0.00214,0.104,0.647,94.034,50
Always Remember Us This Way,Lady Gaga,2018,210200,0.549,0.502,-5.972,1,0.0405,0.299,0.0,0.764,0.291,129.842,82
Die With A Smile,Lady Gaga,2020,251667,0.521,0.592,-7.777,0,0.0304,0.308,0.0,0.122,0.535,157.969,86
Million Reasons,Lady Gaga,2016,205280,0.666,0.423,-8.012,1,0.0429,0.494,0.0,0.106,0.154,129.893,74
Shallow,Lady Gaga,2018,215733,0.577,0.385,-6.362,1,0.03,0.371,0.0,0.231,0.331,95.82,83
Atta Girl,Lainey Wilson,2022,206693,0.747,0.521,-7.439,1,0.0351,0.233,6.17e-05,0.101,0.673,141.983,61
Hang Tight Honey,Lainey Wilson,2023,189786,0.494,0.956,-4.67,1,0.0729,0.0266,3.58e-05,0.665,0.772,171.977,69
Heart Like A Truck,Lainey Wilson,2022,199040,0.587,0.632,-5.416,1,0.0311,0.148,1.01e-05,0.158,0.392,139.974,73
Road Runner,Lainey Wilson,2023,226826,0.476,0.846,-4.362,1,0.0338,0.0716,1.4e-05,0.315,0.821,159.956,47
Rolling Stone,Lainey Wilson,2023,239013,0.596,0.54,-8.82,0,0.0442,0.243,8.1e-05,0.347,0.476,77.049,48
Smell Like Smoke,Lainey Wilson,2023,168120,0.576,0.723,-4.411,1,0.0528,0.134,5.29e-06,0.123,0.778,176.141,60
Straight Up Sideways,Lainey Wilson,2023,176053,0.539,0.839,-4.408,1,0.045,0.0216,2.07e-06,0.174,0.971,160.049,49
Things A Man Oughta Know,Lainey Wilson,2021,203373,0.659,0.683,-5.623,1,0.0312,0.513,4.93e-06,0.133,0.397,139.931,71
Workin' Overtime,Lainey Wilson,2023,197685,0.52,0.816,-7.358,1,0.0583,0.0363,0.0,0.0897,0.75,155.934,51
WWDD,Lainey Wilson,2023,140413,0.632,0.832,-3.185,1,0.0334,0.0019,1.08e-05,0.201,0.885,114.007,49
B*tch From Da Souf,Latto,2020,144047,0.862,0.235,-15.545,1,0.699,0.0241,0.0,0.123,0.398,150.062,51
Big Energy,Latto,2021,173182,0.935,0.807,-3.838,0,0.114,0.0514,0.0,0.349,0.813,106.017,65
Blick Sum,Latto,2023,191546,0.774,0.622,-6.989,1,0.361,0.000692,0.0,0.748,0.388,150.137,58
Like A Thug (feat. Lil Durk),Latto,2023,172137,0.874,0.617,-7.205,0,0.234,0.195,0.0,0.239,0.819,144.98,36
Muwop (feat. Gucci Mane),Latto,2020,200135,0.79,0.61,-6.958,0,0.102,0.0613,0.0,0.243,0.62,145.88,45
PUSSY,Latto,2023,141176,0.587,0.848,-4.385,0,0.346,0.0364,0.0,0.246,0.673,169.65,35
Sex Lies (feat. Lil Baby),Latto,2022,161538,0.481,0.728,-6.147,1,0.143,0.279,0.0,0.139,0.703,79.829,39
There She Go,Latto,2023,161800,0.774,0.603,-4.424,1,0.11,0.000204,8.68e-05,0.184,0.254,155.048,54
Wheelie (feat. 21 Savage),Latto,2021,170270,0.911,0.667,-6.606,1,0.277,0.0313,0.0,0.0854,0.78,147.976,47
3 Headed Goat (feat. Lil Baby & Polo G),Lil Durk,2020,169531,0.846,0.48,-8.618,0,0.359,0.269,0.0,0.0989,0.419,143.029,69
Backdoor,Lil Durk,2020,200000,0.713,0.551,-7.593,0,0.29,0.107,3.66e-06,0.294,0.237,82.637,48
Bora Bora,Lil Durk,2022,162205,0.678,0.623,-5.034,1,0.0828,0.16,0.0,0.151,0.103,160.021,54
India,Lil Durk,2019,264862,0.79,0.56,-7.039,1,0.341,0.0787,0.0,0.344,0.133,145.012,54
The Voice,Lil Durk,2021,179724,0.447,0.813,-2.126,0,0.254,0.0258,0.0,0.136,0.121,84.758,48
Viral Moment,Lil Durk,2020,192000,0.545,0.525,-8.147,1,0.367,0.0134,0.0,0.109,0.26,159.073,43
What Happened To Virgil (feat. Gunna),Lil Durk,2022,181393,0.795,0.526,-9.086,0,0.204,0.067,2e-06,0.134,0.194,140.037,63
Cuz I Love You,Lizzo,2019,179978,0.566,0.66,-4.039,1,0.0479,0.0156,0.0,0.234,0.52,162.159,53
Good as Hell,Lizzo,2016,159735,0.682,0.919,-3.18,0,0.0875,0.256,0.0,0.442,0.535,95.982,70
Juice,Lizzo,2019,194935,0.766,0.885,-3.001,1,0.102,0.00666,0.0,0.348,0.831,119.908,37
Rumors (feat. Cardi B),Lizzo,2021,172832,0.827,0.731,-5.524,0,0.088,0.13,0.0,0.418,0.607,118.992,60
Scuse Me,Lizzo,2019,204392,0.803,0.833,-4.5,0,0.0859,0.259,1.43e-06,0.152,0.784,129.993,40
Soulmate,Lizzo,2019,175234,0.693,0.849,-4.517,1,0.0892,0.00466,0.00127,0.503,0.767,99.021,49
Tempo (feat. Missy Elliott),Lizzo,2020,175342,0.833,0.722,-5.563,1,0.136,0.0573,1.14e-05,0.358,0.588,107.019,56
Truth Hurts,Lizzo,2017,173325,0.715,0.624,-3.046,0,0.114,0.11,0.0,0.123,0.412,158.087,71
Water Me,Lizzo,2019,185594,0.67,0.966,-1.994,0,0.177,0.0292,0.0,0.185,0.77,113.046,48
Beautiful Crazy,Luke Combs,2017,193200,0.551,0.402,-7.431,1,0.0262,0.676,0.0,0.0928,0.382,103.313,83
Beer Never Broke My Heart,Luke Combs,2019,186733,0.538,0.863,-4.483,1,0.0481,0.0139,0.0,0.0874,0.637,77.001,81
Better Together,Luke Combs,2020,219573,0.552,0.225,-11.501,1,0.0477,0.827,0.0,0.111,0.67,138.002,74
Cold As You,Luke Combs,2021,186106,0.598,0.846,-4.956,1,0.0355,0.0527,0.0,0.113,0.328,144.04,66
Forever After All,Luke Combs,2020,232533,0.487,0.65,-5.195,1,0.0253,0.191,0.0,0.0933,0.456,151.964,77
Hurricane,Luke Combs,2021,222533,0.464,0.813,-6.185,1,0.0416,0.0153,0.0,0.254,0.515,75.977,78
Lovin' On You,Luke Combs,2020,194866,0.572,0.949,-4.865,1,0.06,0.00165,0.000195,0.163,0.53,118.974,69
One Number Away,Luke Combs,2017,221800,0.544,0.781,-6.16,0,0.0311,0.00585,0.0,0.191,0.527,144.075,74
She Got the Best of Me,Luke Combs,2017,183160,0.533,0.907,-3.793,1,0.0406,0.0292,0.0,0.386,0.7,150.99,83
When It Rains It Pours,Luke Combs,2017,240760,0.551,0.801,-5.069,1,0.0303,0.013,6.03e-06,0.265,0.625,128.027,84
Am I Okay?,Megan Moroney,2023,235002,0.593,0.734,-5.416,1,0.0514,0.02,0.0,0.138,0.518,125.937,76
Hair Salon,Megan Moroney,2023,224581,0.493,0.581,-6.133,1,0.0327,0.302,0.0,0.169,0.317,138.075,59
I'm Not Pretty,Megan Moroney,2022,181066,0.573,0.795,-5.561,1,0.0558,0.129,1.78e-05,0.186,0.705,128.101,73
Indifferent,Megan Moroney,2023,176022,0.635,0.537,-6.296,1,0.0476,0.0467,0.0,0.0853,0.511,107.421,70
Tennessee Orange,Megan Moroney,2023,223119,0.38,0.488,-6.637,1,0.029,0.126,7.23e-06,0.115,0.268,156.031,66
Wonder,Megan Moroney,2023,222139,0.603,0.46,-8.178,0,0.0281,0.356,0.000528,0.119,0.556,81.04,63
Bang Dem Sticks,Meghan Trainor,2016,180973,0.886,0.734,-4.431,1,0.0752,0.0294,1.29e-05,0.304,0.25,109.981,41
Better When I'm Dancin',Meghan Trainor,2015,176266,0.756,0.789,-7.002,1,0.0324,0.53,0.000711,0.157,0.873,127.987,73
Dear Future Husband,Meghan Trainor,2015,184226,0.655,0.782,-4.789,1,0.185,0.375,0.0,0.317,0.832,79.427,77
Good To Be Alive,Meghan Trainor,2016,228360,0.605,0.684,-5.254,1,0.142,0.333,1.91e-05,0.0819,0.587,200.049,48
Like I'm Gonna Lose You (feat. John Legend),Meghan Trainor,2015,225053,0.63,0.53,-7.259,1,0.0434,0.4,0.0,0.177,0.417,108.038,78
Me Too,Meghan Trainor,2016,181240,0.934,0.694,-5.849,0,0.101,0.0971,1.2e-06,0.477,0.833,123.831,71
NO,Meghan Trainor,2016,213506,0.557,0.803,-3.599,0,0.213,0.0124,1.61e-06,0.737,0.657,92.134,73
Watch Me Do,Meghan Trainor,2016,169773,0.849,0.686,-2.674,0,0.0506,0.00209,0.00566,0.0839,0.652,112.032,37
No Complaints (feat. Offset & Drake) (Bonus),Metro Boomin,2018,265480,0.913,0.571,-8.82,1,0.166,0.0709,0.00237,0.0599,0.203,123.966,64
Overdue (with Travis Scott),Metro Boomin,2023,166093,0.634,0.401,-11.212,0,0.0446,0.731,0.000132,0.334,0.494,150.174,79
Space Cadet (feat. Gunna),Metro Boomin,2019,203266,0.901,0.464,-9.789,0,0.0645,0.368,1.82e-05,0.238,0.638,109.004,79
coffee,Miguel,2015,286573,0.556,0.618,-7.471,0,0.0463,0.00558,0.000351,0.153,0.121,80.985,64
Do You...,Miguel,2015,207920,0.593,0.589,-6.401,1,0.0366,0.462,3.88e-06,0.0937,0.306,148.055,47
Sky Walker (feat. Travis Scott),Miguel,2017,259333,0.674,0.506,-10.532,1,0.0434,0.173,0.0,0.0866,0.183,145.965,72
waves - Tame Impala Remix,Miguel,2015,253346,0.529,0.894,-3.599,1,0.0412,0.308,5.38e-06,0.254,0.543,108.024,65
Flowers,Miley Cyrus,2023,200600,0.706,0.691,-4.775,1,0.0633,0.0584,6.99e-05,0.0232,0.632,118.048,88
Malibu,Miley Cyrus,2017,231906,0.573,0.781,-6.406,1,0.0555,0.0767,2.64e-05,0.0813,0.343,139.934,73
Midnight Sky,Miley Cyrus,2020,223280,0.699,0.805,-5.535,0,0.0345,0.00161,0.00177,0.249,0.232,109.976,70
Prisoner (feat. Dua Lipa),Miley Cyrus,2020,169333,0.781,0.67,-3.912,0,0.0452,0.0103,0.0,0.0761,0.595,127.99,72
Slide Away,Miley Cyrus,2023,233654,0.534,0.538,-6.673,1,0.0327,0.173,2.82e-06,0.248,0.289,148.016,65
7 Summers,Morgan Wallen,2020,210506,0.466,0.786,-5.13,1,0.0328,0.417,6.1e-05,0.125,0.571,203.903,78
Chasin' You,Morgan Wallen,2018,205453,0.631,0.591,-5.806,1,0.0277,0.667,0.0,0.11,0.494,97.087,79
Cover Me Up,Morgan Wallen,2020,293706,0.549,0.44,-8.192,1,0.0264,0.232,7.37e-06,0.107,0.214,128.01,73
More Than My Hometown,Morgan Wallen,2020,216573,0.62,0.869,-5.479,1,0.0462,0.615,0.0,0.131,0.597,126.019,79
Sand In My Boots,Morgan Wallen,2021,202133,0.403,0.537,-6.628,1,0.031,0.59,0.0,0.112,0.414,69.877,76
Somebody’s Problem,Morgan Wallen,2021,161773,0.657,0.54,-7.675,1,0.0287,0.662,0.0,0.123,0.625,136.97,60
The Way I Talk,Morgan Wallen,2018,208280,0.605,0.88,-3.388,1,0.0322,0.0462,0.0,0.0915,0.761,137.986,72
Up Down (feat. Florida Georgia Line),Morgan Wallen,2017,197253,0.59,0.882,-3.041,1,0.0349,0.0803,0.0,0.146,0.792,129.929,72
Wasted On You,Morgan Wallen,2021,178520,0.505,0.657,-5.24,0,0.0318,0.373,0.00107,0.126,0.252,196.0,82
Whiskey Glasses,Morgan Wallen,2018,234346,0.616,0.68,-4.581,1,0.0288,0.361,1.18e-06,0.116,0.687,149.951,80
Amor Tumbado,Natanael Cano,2020,221553,0.576,0.715,-5.755,0,0.0354,0.335,2.85e-06,0.0772,0.497,199.942,77
Giza,Natanael Cano,2021,177580,0.698,0.891,-5.003,0,0.0341,0.0942,0.0,0.133,0.696,124.054,83
Madonna,Natanael Cano,2021,187087,0.732,0.873,-5.965,1,0.0321,0.0449,0.000803,0.347,0.662,128.029,86
Soy El Diablo - Remix,Natanael Cano,2020,193621,0.681,0.686,-6.398,0,0.0462,0.588,0.0,0.114,0.961,109.191,62
Bulletproof (feat. Avril Lavigne),Nate Smith,2023,183919,0.506,0.757,-4.802,1,0.037,0.0798,0.0,0.0885,0.489,79.984,63
Whiskey On You,Nate Smith,2022,183786,0.473,0.751,-5.196,1,0.0318,9.91e-05,0.0181,0.118,0.569,110.025,74
World on Fire,Nate Smith,2023,189986,0.461,0.887,-4.871,0,0.0429,0.000219,0.0,0.104,0.411,95.964,76
Attention,NewJeans,2022,180066,0.811,0.648,-3.684,0,0.0368,0.236,0.0,0.0761,0.695,104.988,76
Cookie,NewJeans,2022,235562,0.847,0.638,-3.764,1,0.0575,0.0596,0.0,0.0894,0.661,156.935,72
Cool With You,NewJeans,2023,147880,0.752,0.65,-6.683,0,0.12,0.653,0.00136,0.105,0.532,134.993,74
Ditto,NewJeans,2022,185506,0.814,0.641,-5.957,0,0.111,0.027,0.0,0.0993,0.183,133.854,78
Get Up,NewJeans,2023,36226,0.525,0.526,-7.03,1,0.0534,0.634,0.127,0.103,0.562,85.274,71
Hurt,NewJeans,2023,177946,0.599,0.446,-6.511,0,0.0833,0.731,0.0,0.105,0.567,179.877,73
Hype Boy,NewJeans,2022,179026,0.593,0.935,-3.43,0,0.225,0.268,0.0,0.286,0.783,99.976,79
OMG,NewJeans,2023,212253,0.804,0.771,-4.067,0,0.0433,0.357,3.07e-06,0.108,0.739,126.956,79
Super Shy,NewJeans,2023,154666,0.776,0.817,-6.018,0,0.0748,0.18,3.44e-05,0.146,0.515,149.921,81
Supernatural,NewJeans,2023,191000,0.699,0.708,-4.182,0,0.0496,0.185,8.43e-06,0.0921,0.863,108.887,83
Chun-Li,Nicki Minaj,2018,191600,0.686,0.73,-5.077,0,0.374,0.278,4.76e-05,0.106,0.474,128.943,66
Pills N Potions,Nicki Minaj,2015,268000,0.391,0.604,-8.104,1,0.212,0.00812,4.91e-06,0.0443,0.168,169.391,55
Truffle Butter,Nicki Minaj,2015,220466,0.89,0.667,-6.862,1,0.0521,0.0572,3.03e-05,0.108,0.522,105.103,62
AIN'T GONNA ANSWER,NLE Choppa,2023,187453,0.879,0.875,-1.868,0,0.18,0.0808,0.0,0.327,0.763,95.021,58
Camelot,NLE Choppa,2020,148759,0.787,0.713,-5.252,1,0.401,0.0849,0.0,0.717,0.761,175.046,71
Catalina,NLE Choppa,2022,180000,0.828,0.837,-3.963,0,0.0559,0.0295,0.002,0.147,0.821,116.955,61
Final Warning,NLE Choppa,2021,156894,0.847,0.912,-3.129,1,0.257,0.0781,0.0,0.142,0.88,81.486,62
PISTOL PACCIN,NLE Choppa,2023,149449,0.831,0.793,-4.127,1,0.369,0.0195,0.0,0.259,0.833,144.967,75
Shotta Flow (feat. Blueface) - Remix,NLE Choppa,2019,176631,0.893,0.514,-4.776,1,0.424,0.0245,0.0,0.142,0.555,120.077,72
Shotta Flow 6,NLE Choppa,2022,192147,0.859,0.596,-7.021,1,0.329,0.0194,0.0,0.0489,0.479,140.064,57
All My Love,Noah Kahan,2023,251510,0.666,0.665,-7.181,1,0.0534,0.309,0.0,0.0961,0.474,116.002,80
Call Your Mom,Noah Kahan,2023,278670,0.485,0.215,-12.124,1,0.0348,0.703,3.55e-06,0.115,0.159,172.122,74
Dial Drunk (with Post Malone),Noah Kahan,2023,213817,0.669,0.606,-7.193,1,0.0292,0.124,0.0,0.112,0.69,112.108,83
Forever,Noah Kahan,2023,268353,0.394,0.256,-10.944,1,0.036,0.765,0.0,0.116,0.215,94.367,77
Homesick,Noah Kahan,2023,194416,0.505,0.624,-6.526,1,0.0373,0.0253,1.06e-05,0.314,0.413,170.076,73
New Perspective,Noah Kahan,2023,256871,0.693,0.524,-9.696,1,0.0407,0.267,1.83e-06,0.0839,0.453,156.529,72
Northern Attitude,Noah Kahan,2023,267256,0.523,0.626,-8.214,1,0.047,0.119,3.29e-05,0.107,0.323,121.291,58
Stick Season,Noah Kahan,2022,182346,0.664,0.5,-6.935,1,0.0651,0.799,0.0,0.0966,0.801,117.896,90
You’re Gonna Go Far,Noah Kahan,2023,286369,0.586,0.358,-9.761,1,0.0308,0.556,0.0,0.11,0.365,169.925,81
Break Up with Him,Old Dominion,2015,207733,0.617,0.632,-5.381,1,0.0371,0.0675,0.0,0.108,0.564,151.988,61
Hotel Key,Old Dominion,2018,166573,0.758,0.867,-5.087,1,0.0475,0.152,0.0,0.308,0.964,102.018,68
Make It Sweet,Old Dominion,2019,187000,0.424,0.837,-4.453,1,0.0472,0.0373,0.0,0.0665,0.554,180.175,59
No Such Thing as a Broken Heart,Old Dominion,2017,176893,0.651,0.782,-4.295,1,0.0718,0.295,0.0,0.107,0.945,171.987,60
One Man Band,Old Dominion,2019,186240,0.706,0.358,-8.331,1,0.0347,0.677,0.0,0.107,0.478,75.991,80
Smooth Sailing,Old Dominion,2022,215080,0.334,0.738,-5.28,1,0.0437,0.0058,0.0,0.115,0.49,143.985,36
Song for Another Time,Old Dominion,2016,191826,0.498,0.804,-3.995,1,0.0332,0.125,0.0,0.167,0.697,166.054,60
Written in the Sand,Old Dominion,2017,184080,0.725,0.438,-9.602,1,0.0575,0.593,0.0,0.0842,0.76,83.984,63
Aint Gotta Dollar,Oliver Anthony Music,2023,124608,0.703,0.0859,-15.608,1,0.0364,0.825,2.91e-06,0.0754,0.343,110.028,62
I Want to go Home,Oliver Anthony Music,2023,170971,0.692,0.0436,-13.093,1,0.0717,0.943,0.0,0.114,0.197,104.891,60
Long Gone,Oliver Anthony Music,2023,142186,0.748,0.176,-11.1,1,0.0514,0.799,0.0,0.201,0.426,95.397,46
Rich Men North of Richmond,Oliver Anthony Music,2023,187244,0.678,0.264,-12.384,1,0.0622,0.753,0.0,0.302,0.528,121.722,76
"1 step forward, 3 steps back",Olivia Rodrigo,2021,163586,0.473,0.203,-12.627,1,0.102,0.941,0.0,0.126,0.419,168.884,77
brutal,Olivia Rodrigo,2021,143746,0.672,0.526,-6.446,1,0.0599,0.0311,1.37e-06,0.28,0.28,123.999,77
deja vu,Olivia Rodrigo,2021,215506,0.442,0.612,-7.222,1,0.112,0.584,5.7e-06,0.37,0.178,180.917,84
drivers license,Olivia Rodrigo,2021,242013,0.561,0.431,-8.81,1,0.0578,0.768,1.42e-05,0.106,0.137,143.875,83
enough for you,Olivia Rodrigo,2021,202826,0.638,0.259,-10.706,1,0.0898,0.753,0.0,0.219,0.269,88.485,75
favorite crime,Olivia Rodrigo,2021,152666,0.369,0.272,-10.497,1,0.0364,0.866,0.0,0.147,0.218,172.929,83
good 4 u,Olivia Rodrigo,2021,178146,0.563,0.664,-5.044,1,0.154,0.335,0.0,0.0849,0.688,166.928,83
happier,Olivia Rodrigo,2021,175933,0.395,0.443,-9.72,1,0.133,0.765,9.67e-06,0.0839,0.338,168.924,82
"jealousy, jealousy",Olivia Rodrigo,2021,173160,0.695,0.575,-6.334,0,0.116,0.198,0.0,0.0614,0.699,163.929,82
traitor,Olivia Rodrigo,2021,229226,0.38,0.339,-7.885,1,0.0338,0.691,0.0,0.12,0.0849,100.607,84
Burn It Down,Parker McCollum,2022,233869,0.461,0.718,-5.627,1,0.0666,0.139,1.66e-05,0.0968,0.334,162.187,67
Handle On You,Parker McCollum,2023,219967,0.591,0.928,-3.925,1,0.0316,0.00441,0.0,0.291,0.619,105.025,67
Hell of a Year,Parker McCollum,2022,232653,0.655,0.482,-8.453,0,0.0305,0.411,1.46e-06,0.114,0.191,98.013,68
I Ain't Going Nowhere,Parker McCollum,2023,204489,0.562,0.691,-4.702,1,0.0328,0.00265,1.91e-06,0.105,0.483,128.059,40
Like A Cowboy,Parker McCollum,2022,226437,0.483,0.443,-6.791,1,0.034,0.611,2.46e-06,0.0981,0.215,125.017,56
Love You Like That,Parker McCollum,2022,205173,0.534,0.774,-6.058,1,0.0284,0.0135,2.78e-06,0.103,0.435,149.961,41
Pretty Heart,Parker McCollum,2020,244797,0.562,0.683,-4.427,1,0.0296,0.00531,0.0,0.107,0.384,132.0,58
El Belicon,Peso Pluma,2023,214397,0.409,0.713,-6.713,1,0.03,0.434,0.000719,0.206,0.725,97.029,67
Por Las Noches,Peso Pluma,2023,238888,0.69,0.597,-7.494,0,0.0395,0.311,4.18e-05,0.0727,0.453,185.084,74
PRC,Peso Pluma,2023,184066,0.784,0.826,-6.34,0,0.0538,0.0965,7.09e-05,0.123,0.893,138.078,73
ROSA PASTEL,Peso Pluma,2023,204253,0.702,0.68,-5.451,0,0.0373,0.24,0.0,0.111,0.86,122.895,69
VINO TINTO,Peso Pluma,2023,245997,0.664,0.769,-5.056,1,0.184,0.406,0.0,0.17,0.542,134.97,81
Break It Off,PinkPantheress,2023,95317,0.544,0.888,-5.003,0,0.116,0.00311,7.8e-06,0.076,0.746,171.69,62
Do You Miss Me?,PinkPantheress,2023,128853,0.647,0.871,-7.144,0,0.0936,0.0976,0.000534,0.173,0.643,129.928,56
I Must Apologise,PinkPantheress,2023,108373,0.616,0.856,-6.098,1,0.0457,0.516,0.0652,0.245,0.75,157.109,72
Just for Me,PinkPantheress,2022,116213,0.804,0.609,-7.848,1,0.0633,0.68,0.00253,0.261,0.713,133.043,64
Noticed I Cried,PinkPantheress,2023,82226,0.499,0.856,-5.705,1,0.061,0.0544,0.131,0.0734,0.394,163.956,54
Pain,PinkPantheress,2023,98544,0.829,0.617,-8.497,1,0.14,0.227,0.00306,0.0618,0.81,125.605,83
Turn it up,PinkPantheress,2023,147020,0.771,0.565,-9.407,1,0.0299,0.672,0.000112,0.195,0.444,132.339,71
Where You Are (feat. WILLOW),PinkPantheress,2023,153706,0.689,0.872,-4.786,1,0.0477,0.0965,0.000498,0.117,0.362,134.994,55
Call On Me,RAYE,2023,194880,0.582,0.889,-4.386,1,0.0491,0.021,0.0,0.687,0.438,121.977,45
Confidence,RAYE,2023,170666,0.635,0.785,-4.421,0,0.25,0.442,0.0,0.0935,0.809,102.742,44
Escapism.,RAYE,2023,272373,0.538,0.742,-5.355,1,0.114,0.138,4.67e-05,0.0934,0.25,96.107,78
Natalie Don't,RAYE,2023,194346,0.807,0.533,-4.899,0,0.0443,0.176,0.0,0.284,0.853,124.006,51
Regardless,RAYE,2023,197573,0.749,0.82,-6.114,1,0.0478,0.0205,0.000685,0.0775,0.534,120.066,56
Bad Commando,Rema,2023,105002,0.627,0.512,-7.401,0,0.123,0.584,0.0,0.128,0.57,95.334,45
Bounce,Rema,2022,187782,0.463,0.847,-6.776,0,0.0511,0.0307,0.0,0.117,0.625,114.962,57
Calm Down,Rema,2022,219813,0.811,0.781,-6.333,1,0.0428,0.376,0.001,0.121,0.824,107.007,73
Dumebi,Rema,2019,179775,0.923,0.657,-5.173,0,0.0605,0.199,0.00407,0.108,0.734,110.015,65
Ginger Me,Rema,2023,205892,0.567,0.577,-7.833,0,0.134,0.134,0.000397,0.145,0.719,200.008,49
Iron Man,Rema,2023,201693,0.759,0.564,-3.584,0,0.0502,0.589,0.0357,0.0899,0.519,99.966,48
Lady,Rema,2023,213375,0.889,0.798,-6.62,1,0.256,0.0245,0.0,0.0671,0.594,119.969,42
Soundgasm,Rema,2022,204755,0.805,0.525,-7.376,0,0.0638,0.119,0.00203,0.0779,0.693,100.033,63
YAYO,Rema,2022,150760,0.732,0.747,-4.58,1,0.0424,0.0206,0.0,0.15,0.506,117.993,72
Work,Rihanna,2016,219320,0.723,0.534,-6.238,1,0.0891,0.0747,0.0,0.0919,0.551,91.974,78
Cuban Links (feat. Kevin Gates),Rod Wave,2023,192182,0.694,0.652,-8.751,1,0.296,0.248,0.0,0.0293,0.759,87.966,57
Great Gatsby,Rod Wave,2022,146751,0.678,0.567,-8.927,0,0.101,0.0454,8.8e-06,0.41,0.154,156.975,69
Heart On Ice,Rod Wave,2020,159669,0.732,0.387,-8.47,0,0.0741,0.0493,0.0,0.141,0.242,157.875,68
Rags2Riches 2 (feat. Lil Baby),Rod Wave,2021,235987,0.874,0.443,-9.628,0,0.241,0.147,0.0,0.124,0.298,118.004,66
Street Runner,Rod Wave,2021,252021,0.599,0.61,-8.633,0,0.24,0.213,0.000414,0.151,0.434,159.933,69
Tombstone,Rod Wave,2021,160078,0.55,0.637,-5.212,1,0.163,0.597,0.0,0.129,0.535,84.448,68
Almost Love,Sabrina Carpenter,2022,212360,0.81,0.759,-3.029,0,0.0376,0.111,4.73e-06,0.0919,0.615,104.993,56
Espresso,Sabrina Carpenter,2023,175459,0.701,0.76,-5.478,1,0.0285,0.107,6.54e-05,0.185,0.69,103.969,98
Nonsense,Sabrina Carpenter,2022,163648,0.74,0.697,-4.912,1,0.034,0.0268,0.0,0.224,0.732,138.992,88
Please Please Please,Sabrina Carpenter,2022,186365,0.669,0.586,-6.073,1,0.054,0.274,0.0,0.104,0.579,107.071,97
Skin,Sabrina Carpenter,2022,177500,0.557,0.457,-5.372,1,0.0335,0.428,0.0,0.0567,0.328,105.918,68
Sue Me,Sabrina Carpenter,2023,179226,0.46,0.809,-5.415,1,0.326,0.0422,5.04e-05,0.138,0.609,157.184,71
Why,Sabrina Carpenter,2023,171096,0.633,0.557,-4.917,0,0.203,0.169,0.0,0.0671,0.623,89.672,63
Dancing With A Stranger (with Normani),Sam Smith,2019,171029,0.741,0.52,-7.513,1,0.0656,0.447,1.97e-06,0.222,0.347,102.998,76
How Do You Sleep?,Sam Smith,2019,202204,0.561,0.682,-4.931,0,0.0856,0.153,0.0,0.0763,0.359,165.944,67
Lay Me Down,Sam Smith,2015,253208,0.418,0.332,-9.482,1,0.0492,0.771,2.01e-05,0.109,0.171,119.164,70
Pray,Sam Smith,2017,221595,0.539,0.383,-9.461,0,0.0424,0.283,1.18e-05,0.0865,0.153,88.051,61
Too Good At Goodbyes,Sam Smith,2017,201000,0.715,0.372,-8.237,1,0.0443,0.638,0.0,0.169,0.474,91.931,83
Unholy (feat. Kim Petras),Sam Smith,2022,156943,0.719,0.454,-7.384,1,0.0707,0.0138,4.83e-06,0.318,0.224,131.007,78
"Writing's On The Wall - From ""Spectre"" Soundtrack",Sam Smith,2015,278987,0.261,0.302,-8.19,0,0.0339,0.769,2.57e-06,0.0863,0.0883,81.418,63
Back To You - From 13 Reasons Why – Season 2 Soundtrack,Selena Gomez,2018,207904,0.6,0.725,-4.866,1,0.0487,0.0933,1.87e-06,0.12,0.506,102.056,70
Bad Liar,Selena Gomez,2017,214647,0.965,0.414,-6.408,1,0.0712,0.189,0.0,0.0767,0.729,121.032,64
Good For You,Selena Gomez,2015,221280,0.609,0.674,-6.484,0,0.0502,0.179,0.0,0.069,0.228,88.945,62
Hands To Myself,Selena Gomez,2016,200680,0.811,0.507,-7.161,0,0.117,0.0146,2.14e-06,0.342,0.438,111.016,63
Lose You To Love Me,Selena Gomez,2019,206458,0.516,0.342,-8.985,1,0.0425,0.55,0.0,0.21,0.0993,102.819,76
Rare,Selena Gomez,2020,220589,0.838,0.541,-6.746,1,0.0708,0.207,7.97e-05,0.103,0.637,114.996,58
Wolves,Selena Gomez,2017,197993,0.725,0.804,-4.614,0,0.0422,0.124,0.0,0.204,0.31,124.996,76
Evangeline,Stephen Sanchez,2022,177677,0.445,0.549,-7.134,1,0.0307,0.0703,0.0,0.176,0.218,109.25,66
Hey Girl,Stephen Sanchez,2022,185906,0.389,0.505,-7.777,0,0.037,0.538,0.00403,0.216,0.244,121.775,62
High,Stephen Sanchez,2023,161567,0.432,0.714,-7.933,0,0.0384,0.0876,0.000788,0.27,0.322,176.009,75
Until I Found You,Stephen Sanchez,2021,177720,0.539,0.508,-6.05,1,0.0288,0.727,0.0,0.174,0.227,101.358,78
Bad Habit,Steve Lacy,2022,232066,0.686,0.494,-7.093,1,0.0355,0.613,5.8e-05,0.402,0.7,168.946,82
C U Girl,Steve Lacy,2022,129697,0.414,0.473,-8.911,0,0.116,0.663,0.0523,0.128,0.409,100.0,81
Dark Red,Steve Lacy,2017,173104,0.603,0.784,-4.023,1,0.062,0.446,8.32e-06,0.119,0.769,172.041,86
Hate CD,Steve Lacy,2022,160182,0.824,0.716,-7.089,1,0.0526,0.000916,0.0148,0.299,0.771,107.997,49
N Side,Steve Lacy,2022,224444,0.838,0.535,-6.303,0,0.0432,0.0714,0.000302,0.208,0.894,119.946,70
Playground,Steve Lacy,2022,213797,0.482,0.788,-6.307,1,0.0432,0.115,0.00374,0.344,0.85,191.772,54
Ryd,Steve Lacy,2022,140182,0.788,0.939,-7.327,0,0.0544,0.0723,0.000181,0.133,0.98,137.002,68
Some,Steve Lacy,2022,118393,0.784,0.554,-6.417,1,0.03,0.00548,0.254,0.0995,0.634,104.01,82
Broken Clocks,SZA,2017,231253,0.692,0.684,-7.364,1,0.155,0.131,0.0,0.156,0.406,112.912,82
Garden (Say It Like Dat),SZA,2017,208400,0.73,0.457,-7.26,1,0.283,0.0705,0.0,0.124,0.549,111.352,68
Good Days,SZA,2020,279204,0.436,0.655,-8.37,0,0.0583,0.499,8.1e-06,0.688,0.412,121.002,76
Hit Different,SZA,2020,202007,0.679,0.516,-6.371,0,0.0452,0.199,0.0,0.0965,0.716,120.074,68
I Hate U,SZA,2021,173906,0.533,0.417,-8.665,0,0.148,0.514,0.0,0.114,0.376,106.534,70
Kill Bill,SZA,2023,153946,0.644,0.728,-5.75,1,0.0351,0.0543,0.169,0.161,0.43,88.993,79
Love Galore (feat. Travis Scott),SZA,2017,275080,0.795,0.594,-6.2,1,0.0748,0.112,0.0,0.162,0.409,135.002,76
Snooze,SZA,2023,201800,0.559,0.551,-7.231,1,0.132,0.141,0.0,0.11,0.392,143.008,87
The Weekend,SZA,2017,272186,0.4,0.366,-9.405,0,0.0597,0.242,0.0,0.126,0.161,73.313,74
All Too Well (10 Minute Version) (Taylor's Version) (From The Vault),Taylor Swift,2021,613026,0.631,0.518,-8.771,1,0.0303,0.274,0.0,0.088,0.205,93.023,80
Anti-Hero,Taylor Swift,2022,200690,0.633,0.648,-6.645,1,0.062,0.121,2.62e-06,0.161,0.49,96.888,84
Bad Blood,Taylor Swift,2015,211933,0.65,0.802,-6.114,1,0.181,0.0871,6.54e-06,0.148,0.295,170.146,63
cardigan,Taylor Swift,2020,239560,0.613,0.581,-8.588,0,0.0424,0.537,0.000345,0.25,0.551,130.033,85
Delicate,Taylor Swift,2018,232253,0.75,0.404,-10.178,0,0.0682,0.216,0.000357,0.0911,0.0499,95.045,81
willow,Taylor Swift,2020,214706,0.392,0.574,-9.195,1,0.17,0.833,0.00179,0.145,0.529,81.112,76
You Belong With Me (Taylor’s Version),Taylor Swift,2021,231124,0.632,0.773,-4.856,1,0.0346,0.0623,0.0,0.0885,0.474,130.033,81
After Hours,The Weeknd,2020,361026,0.658,0.572,-6.099,0,0.0308,0.0811,0.0061,0.121,0.144,108.968,80
Blinding Lights,The Weeknd,2019,200040,0.513,0.73,-5.94,1,0.0598,0.00143,9.54e-05,0.0897,0.334,171.001,89
Can't Feel My Face,The Weeknd,2015,213520,0.705,0.769,-5.526,0,0.0425,0.113,0.0,0.105,0.583,107.949,81
Earned It (Fifty Shades Of Grey),The Weeknd,2015,277680,0.657,0.291,-8.275,0,0.0348,0.405,0.0,0.0771,0.405,119.782,72
Heartless,The Weeknd,2019,198266,0.537,0.746,-5.507,0,0.15,0.0236,1e-06,0.156,0.252,170.083,77
In The Night,The Weeknd,2015,235653,0.505,0.68,-4.993,1,0.0714,0.0796,0.0,0.0465,0.539,168.022,72
Save Your Tears,The Weeknd,2020,215626,0.679,0.825,-5.487,1,0.0309,0.0212,1.21e-05,0.543,0.644,118.049,85
Starboy,The Weeknd,2016,230453,0.679,0.587,-7.015,1,0.276,0.141,6.35e-06,0.137,0.486,186.003,88
The Hills,The Weeknd,2015,242253,0.585,0.564,-7.063,0,0.0515,0.0671,0.0,0.135,0.137,113.003,85
Favorite Song,Toosii,2022,204000,0.814,0.38,-9.34,1,0.0494,0.274,0.0,0.098,0.434,116.029,66
Favorite Song (feat. Future) [Toxic Version],Toosii,2022,208621,0.82,0.386,-8.508,1,0.0598,0.334,0.0,0.0991,0.381,116.014,48
Fuk You Mean,Toosii,2022,176363,0.708,0.44,-10.852,0,0.0884,0.615,0.0,0.151,0.421,131.805,62
Love Cycle (with Summer Walker),Toosii,2021,215405,0.774,0.451,-8.942,0,0.239,0.0533,0.0,0.078,0.429,126.955,48
Poetic Pain,Toosii,2020,205657,0.785,0.632,-6.448,0,0.234,0.0312,0.0,0.11,0.334,73.534,44
Red Lights,Toosii,2023,153569,0.611,0.693,-6.363,1,0.256,0.0049,0.0,0.0962,0.447,150.918,38
Shake the Frost (Live),Tyler Childers,2020,175120,0.447,0.341,-9.769,1,0.0457,0.806,2.05e-06,0.686,0.371,138.969,78
35’s,Tyler Hubbard,2023,174733,0.529,0.789,-5.511,1,0.0576,0.00398,0.0,0.291,0.453,139.853,49
5 Foot 9,Tyler Hubbard,2023,189780,0.602,0.796,-5.609,1,0.0465,0.146,0.0,0.125,0.53,106.005,67
Dancin’ In The Country,Tyler Hubbard,2023,179640,0.657,0.871,-4.614,1,0.0675,0.0031,0.0,0.102,0.532,114.974,72
Esa Nena,Yng Lvcas,2023,197647,0.808,0.571,-5.161,0,0.0656,0.345,4.48e-06,0.0844,0.62,170.037,47
La Bebe,Yng Lvcas,2022,223992,0.775,0.465,-8.365,0,0.365,0.609,3.23e-05,0.114,0.707,169.781,68
La Bebe - Remix,Yng Lvcas,2022,234352,0.812,0.479,-5.678,0,0.333,0.213,1.21e-06,0.0756,0.559,169.922,84
Pégateme,Yng Lvcas,2023,153835,0.752,0.6,-9.687,0,0.0931,0.103,0.00551,0.0554,0.608,79.994,50
Perdonémonos,Yng Lvcas,2023,136421,0.887,0.589,-6.291,1,0.0602,0.107,0.00236,0.137,0.651,95.01,44
Perreo Porky,Yng Lvcas,2023,224842,0.887,0.598,-6.89,1,0.1,0.099,0.00179,0.101,0.768,95.01,54
Homegrown,Zac Brown Band,2015,205000,0.712,0.807,-3.976,1,0.0297,0.0244,0.000122,0.0905,0.936,105.024,69
"Burn, Burn, Burn",Zach Bryan,2022,268856,0.508,0.296,-10.513,1,0.0755,0.897,5e-05,0.11,0.134,82.532,82
Dawns (feat. Maggie Rogers),Zach Bryan,2023,290892,0.447,0.441,-7.658,1,0.0456,0.874,4.36e-05,0.188,0.286,122.811,78
God Speed,Zach Bryan,2022,253359,0.583,0.0819,-15.249,1,0.04,0.869,0.0,0.103,0.167,79.385,71
Heading South,Zach Bryan,2020,171692,0.68,0.246,-14.112,1,0.058,0.783,0.0,0.106,0.388,110.23,86
I Remember Everything (feat. Kacey Musgraves),Zach Bryan,2022,227195,0.429,0.453,-7.746,1,0.0459,0.554,2e-06,0.102,0.155,77.639,89
If She Wants a Cowboy,Zach Bryan,2023,192293,0.553,0.823,-3.194,1,0.0689,0.0201,0.0,0.111,0.552,133.781,63
Letting Someone Go,Zach Bryan,2022,239761,0.543,0.117,-15.153,1,0.0389,0.811,0.0,0.147,0.395,83.607,65
Something in the Orange,Zach Bryan,2022,228013,0.369,0.192,-12.151,0,0.04,0.555,8.35e-06,0.0954,0.148,175.212,87
Summertime Blues,Zach Bryan,2022,181239,0.552,0.411,-7.946,1,0.0434,0.794,3.5e-06,0.248,0.501,78.095,67
