ranking,song,band_singer,titletext,year,danceability,energy,loudness,mode,speechiness,acousticness,instrumentalness,liveness,valence,tempo,duration_ms
1,Breathe,Faith Hill,Breathe,2000,0.529,0.496,-9.007,1.0,0.029,0.173,0.0,0.251,0.278,136.859,250547.0
2,Smooth,Santana,Smooth,2000,0.609,0.923,-3.908,1.0,0.0338,0.16,4.7300000000000005e-06,0.295,0.961,115.996,294987.0
2,Smooth,Rob Thomas,Smooth,2000,0.59,0.637,-9.171,1.0,0.0301,0.00225,0.807,0.299,0.724,115.983,244924.0
3,Maria Maria,Santana,Maria Maria,2000,0.777,0.601,-5.931,1.0,0.126,0.0406,0.00201,0.0348,0.68,97.911,261973.0
4,I Wanna Know,Joe,I Wanna Know,2000,0.725,0.487,-5.959,0.0,0.0368,0.26,1.09e-05,0.431,0.599,136.086,296693.0
5,Everything You Want,Vertical Horizon,Everything You Want,2000,0.636,0.761,-6.389,0.0,0.0306,0.0517,0.0,0.0642,0.736,93.896,257067.0
7,I Knew I Loved You,Savage Garden,I Knew I Loved You,2000,0.61,0.497,-9.88,1.0,0.0279,0.32,6.11e-05,0.0884,0.739,85.031,250360.0
8,Amazed,Lonestar,Amazed,2000,0.561,0.543,-8.498,1.0,0.0324,0.26,0.0,0.124,0.243,139.803,240867.0
9,Bent,Matchbox Twenty,Bent,2000,0.518,0.8300000000000001,-6.814,0.0,0.0386,0.0404,3.85e-06,0.375,0.527,95.468,256133.0
10,He Wasn't Man Enough,Toni Braxton,He Wasn't Man Enough,2000,0.739,0.947,-1.916,0.0,0.0411,0.00916,3.14e-05,0.326,0.766,88.009,261933.0
11,Higher,Creed,Higher,2000,0.459,0.8300000000000001,-6.254,1.0,0.0364,5.15e-05,0.00014,0.206,0.431,155.827,316733.0
12,Try Again,Aaliyah,Try Again,2000,0.794,0.662,-4.913,0.0,0.249,0.0789,0.0,0.0937,0.683,93.053,284640.0
14,Thong Song,Sisqó,Thong Song,2000,0.706,0.888,-6.959,1.0,0.0654,0.119,9.64e-05,0.07,0.714,121.549,253733.0
15,Kryptonite,3 Doors Down,Kryptonite,2000,0.545,0.865,-5.708,0.0,0.0286,0.00664,1.1e-05,0.168,0.543,99.009,233933.0
16,There You Go,Pink,There You Go,2000,0.242,0.891,-2.71,1.0,0.0443,0.00559,0.215,0.104,0.515,156.288,297777.0
17,Music,Madonna,Music,2000,0.736,0.802,-8.527,1.0,0.0663,0.00149,0.0876,0.14,0.871,119.854,225973.0
19,What a Girl Wants,Christina Aguilera,What a Girl Wants,2000,0.754,0.8190000000000001,-6.833,1.0,0.112,0.0684,0.0,0.345,0.8180000000000001,142.137,215800.0
20,Back at One,Brian McKnight,Back at One,2000,0.661,0.346,-9.115,1.0,0.03,0.452,0.0,0.131,0.256,129.752,263667.0
21,Bye Bye Bye,NSYNC,Bye Bye Bye,2000,0.61,0.926,-4.843,0.0,0.0479,0.031,0.0012,0.0821,0.861,172.638,200400.0
22,You Sang to Me,Marc Anthony,You Sang to Me,2000,0.578,0.894,-5.42,1.0,0.0296,0.0103,2.66e-06,0.216,0.741,165.98,347107.0
23,I Need to Know,Marc Anthony,I Need to Know,2000,0.8130000000000001,0.949,-2.563,0.0,0.0336,0.486,9.75e-06,0.112,0.792,115.061,227707.0
24,Get It On Tonite,Montell Jordan,Get It On Tonite,2000,0.807,0.498,-9.91,0.0,0.0756,0.259,3.04e-05,0.0618,0.857,99.001,277413.0
25,Incomplete,Sisqó,Incomplete,2000,0.746,0.443,-7.693,0.0,0.0771,0.282,0.0,0.14,0.272,119.311,274227.0
26,I Try,Macy Gray,I Try,2000,0.593,0.642,-7.284,1.0,0.0299,0.313,0.0005819999999999,0.0804,0.736,76.403,239440.0
27,It's Gonna Be Me,'N Sync,It's Gonna Be Me,2000,0.81,0.48,-12.446,1.0,0.138,0.0188,1.5799999999999998e-05,0.0807,0.672,82.493,193278.0
29,Country Grammar (Hot Shit),Nelly,Country Grammar (Hot Shit),2000,0.865,0.664,-6.822,1.0,0.108,0.00689,0.0,0.142,0.5650000000000001,162.831,287000.0
30,Bring It All to Me,Blaque,Bring It All to Me,2000,0.6950000000000001,0.579,-5.066,1.0,0.0325,0.000479,0.0,0.0556,0.726,88.957,218187.0
31,Show Me the Meaning of Being Lonely,Backstreet Boys,Show Me the Meaning of Being Lonely,2000,0.63,0.625,-5.088,0.0,0.0252,0.231,0.0,0.0765,0.683,167.998,234960.0
32,Hot Boyz,Missy Elliott,Hot Boyz,2000,0.727,0.445,-11.241,1.0,0.291,0.339,0.0,0.18,0.527,81.125,215467.0
33,Back Here,BBMak,Back Here,2000,0.624,0.945,-3.109,1.0,0.0343,0.0698,4.57e-06,0.0867,0.914,104.77,218200.0
34,It Feels So Good,Sonique,It Feels So Good,2000,0.634,0.677,-7.278,0.0,0.0304,0.0117,0.00103,0.126,0.558,135.012,240867.0
35,Absolutely (Story of a Girl),Nine Days,Absolutely (Story of a Girl),2000,0.481,0.94,-5.204,1.0,0.066,0.000891,0.0,0.0939,0.66,96.493,189333.0
36,With Arms Wide Open,Creed,With Arms Wide Open,2000,0.41,0.539,-8.412,1.0,0.0302,0.00425,0.00089,0.117,0.141,138.852,274800.0
37,Be with You,Enrique Iglesias,Be with You,2000,0.683,0.866,-5.436,0.0,0.0329,0.0395,0.00161,0.0483,0.542,121.996,219360.0
38,Come On Over Baby (All I Want Is You),Christina Aguilera,Come On Over Baby (All I Want Is You),2000,0.8290000000000001,0.915,-3.205,1.0,0.106,0.226,1.25e-05,0.246,0.779,118.903,203333.0
39,No More,Ruff Endz,No More,2000,0.839,0.641,-5.6690000000000005,0.0,0.0858,0.0324,4.56e-06,0.0602,0.927,97.004,242560.0
40,All the Small Things,Blink 182,All the Small Things,2000,0.434,0.897,-4.918,1.0,0.0488,0.0103,0.0,0.612,0.684,148.726,167067.0
41,The Way You Love Me,Faith Hill,The Way You Love Me,2000,0.627,0.716,-7.175,1.0,0.0352,0.127,0.0,0.0344,0.734,101.99,186067.0
42,I Turn to You,Christina Aguilera,I Turn to You,2000,0.599,0.47,-8.356,1.0,0.0376,0.38,0.0,0.111,0.298,127.177,273707.0
43,Never Let You Go,Third Eye Blind,Never Let You Go,2000,0.728,0.94,-5.034,1.0,0.0368,0.0814,0.0001619999999999,0.109,0.967,113.76,237240.0
44,I Need You,LeAnn Rimes,I Need You,2000,0.478,0.736,-7.124,1.0,0.0367,0.02,9.58e-05,0.118,0.5640000000000001,144.705,229827.0
45,Thank God I Found You,Mariah Carey,Thank God I Found You,2000,0.348,0.532,-5.882,1.0,0.0331,0.592,0.0,0.106,0.148,129.297,257360.0
46,Let's Get Married,Jagged Edge,Let's Get Married,2000,0.707,0.492,-11.754,1.0,0.0418,0.211,0.0,0.143,0.643,96.807,340000.0
47,My Love Is Your Love,Whitney Houston,My Love Is Your Love,2000,0.77,0.475,-9.512,1.0,0.159,0.0561,4.72e-06,0.0607,0.473,82.511,261573.0
48,Then the Morning Comes,Smash Mouth,Then the Morning Comes,2000,0.729,0.881,-5.024,0.0,0.0283,0.0231,0.0,0.0872,0.963,118.58,182267.0
49,Blue (Da Ba Dee),Eiffel 65,Blue (Da Ba Dee),2000,0.8220000000000001,0.969,-11.471,0.0,0.0582,0.259,0.000153,0.39,0.765,128.007,283748.0
50,Desert Rose,Sting,Desert Rose,2000,0.577,0.654,-7.9,0.0,0.0321,0.0143,0.0,0.114,0.13,111.993,285893.0
50,Desert Rose,Cheb Mami,Desert Rose,2000,0.5760000000000001,0.738,-9.15,0.0,0.0343,0.224,1.77e-05,0.954,0.398,114.995,377640.0
51,The Real Slim Shady,Eminem,The Real Slim Shady,2000,0.949,0.661,-4.244,0.0,0.0572,0.0302,0.0,0.0454,0.76,104.504,284200.0
53,Wifey,Next,Wifey,2000,0.8310000000000001,0.713,-6.967,0.0,0.104,0.0678,0.0,0.0659,0.683,99.584,243467.0
54,Wonderful,Everclear,Wonderful,2000,0.514,0.8170000000000001,-6.489,1.0,0.05,0.0118,8.25e-06,0.346,0.734,186.765,280813.0
55,Oops!... I Did It Again,Britney Spears,Oops!... I Did It Again,2000,0.751,0.834,-5.444,0.0,0.0437,0.3,1.77e-05,0.355,0.894,95.053,211160.0
56,I Wanna Love You Forever,Jessica Simpson,I Wanna Love You Forever,2000,0.59,0.666,-4.047,0.0,0.0244,0.156,0.0,0.136,0.0743,104.042,263800.0
57,Give Me Just One Night (Una Noche),98 Degrees,Give Me Just One Night (Una Noche),2000,0.543,0.79,-6.145,1.0,0.0491,0.0513,3.55e-06,0.0981,0.655,123.631,205160.0
58,Take a Picture,Filter,Take a Picture,2000,0.541,0.776,-8.042,1.0,0.0298,0.00147,0.0002209999999999,0.178,0.282,98.986,363800.0
59,Otherside,Red Hot Chili Peppers,Otherside,2000,0.458,0.795,-3.265,1.0,0.0574,0.00316,0.000202,0.0756,0.513,123.229,255373.0
60,Big Pimpin',Jay-Z,Big Pimpin',2000,0.88,0.8140000000000001,-6.307,0.0,0.14,0.168,0.00672,0.0584,0.942,138.083,283067.0
61,Purest of Pain (A Puro Dolor),Son by Four,Purest of Pain (A Puro Dolor),2000,0.593,0.939,-3.431,1.0,0.0616,0.45,1.33e-05,0.109,0.743,134.108,247480.0
62,He Can't Love U,Jagged Edge,He Can't Love U,2000,0.721,0.836,-3.972,0.0,0.206,0.112,0.0,0.235,0.508,126.279,244053.0
63,Separated,Avant,Separated,2000,0.798,0.48,-5.564,1.0,0.0276,0.247,0.0,0.237,0.643,108.241,255600.0
64,I Wish,Carl Thomas,I Wish,2000,0.736,0.666,-4.929,1.0,0.0337,0.0593,3.82e-05,0.107,0.224,89.824,226760.0
65,U Know What's Up,Donell Jones,U Know What's Up,2000,0.854,0.543,-6.166,0.0,0.0844,0.0402,5.73e-05,0.0419,0.868,103.032,243733.0
66,Faded,soulDecision,Faded,2000,0.6930000000000001,0.722,-6.3870000000000005,0.0,0.0421,0.244,0.0,0.0425,0.96,107.975,208667.0
67,Only God Knows Why,Kid Rock,Only God Knows Why,2000,0.628,0.749,-5.18,1.0,0.03,0.0569,0.00204,0.134,0.31,129.2,327667.0
68,Shake Ya Ass,Mystikal,Shake Ya Ass,2000,0.914,0.607,-5.658,1.0,0.32,0.0626,0.0,0.0515,0.666,98.054,256973.0
69,Bag Lady,Erykah Badu,Bag Lady,2000,0.724,0.416,-8.964,0.0,0.0841,0.365,0.0,0.0969,0.578,151.181,348893.0
70,Meet Virginia,Train,Meet Virginia,2000,0.675,0.553,-7.775,1.0,0.0486,0.0863,7.58e-06,0.118,0.594,90.02,239933.0
71,Party Up (Up in Here),DMX,Party Up (Up in Here),2000,0.736,0.834,-3.052,0.0,0.0969,0.077,0.0,0.407,0.234,100.979,297040.0
72,Case of the Ex (Whatcha Gonna Do),Mýa,Case of the Ex (Whatcha Gonna Do),2000,0.774,0.684,-4.721,0.0,0.0408,0.0687,9.34e-05,0.0765,0.354,98.001,236827.0
73,Forgot About Dre,Dr. Dre,Forgot About Dre,2000,0.924,0.74,-1.299,1.0,0.0774,0.0827,0.0,0.163,0.621,133.974,222293.0
75,Swear It Again,Westlife,Swear It Again,2000,0.626,0.532,-7.205,1.0,0.0275,0.296,0.0,0.122,0.33,130.071,248240.0
76,The Next Episode,Dr. Dre,The Next Episode,2000,0.922,0.909,-2.429,0.0,0.27,0.0281,0.0,0.0856,0.309,95.295,161507.0
77,From the Bottom of My Broken Heart,Britney Spears,From the Bottom of My Broken Heart,2000,0.677,0.665,-5.171,1.0,0.0305,0.56,1.01e-06,0.338,0.706,74.981,312533.0
78,Crash and Burn,Savage Garden,Crash and Burn,2000,0.581,0.607,-8.458,1.0,0.028,0.189,1.6e-06,0.0882,0.213,102.03,281467.0
79,Yes!,Chad Brock,Yes!,2000,0.674,0.623,-5.97,1.0,0.0283,0.00408,5.61e-05,0.0488,0.452,126.547,206733.0
80,The Best Day,George Strait,The Best Day,2000,0.647,0.49,-5.044,1.0,0.0288,0.676,0.0,0.231,0.298,132.336,204067.0
81,Where I Wanna Be,Donell Jones,Where I Wanna Be,2000,0.664,0.396,-9.131,0.0,0.0298,0.52,0.0,0.268,0.453,102.053,253627.0
82,How Do You Like Me Now?!,Toby Keith,How Do You Like Me Now?!,2000,0.648,0.667,-8.986,1.0,0.0311,0.0534,6.9400000000000005e-06,0.0908,0.669,109.609,209067.0
83,My Best Friend,Tim McGraw,My Best Friend,2000,0.444,0.484,-8.311,1.0,0.0289,0.12,0.0,0.135,0.263,147.715,279867.0
84,Broadway,Goo Goo Dolls,Broadway,2000,0.527,0.878,-5.704,1.0,0.0424,0.0005549999999999,0.0,0.0852,0.757,132.791,238533.0
86,Don't Think I'm Not,Kandi,Don't Think I'm Not,2000,0.859,0.622,-8.196,1.0,0.0445,0.0661,0.0,0.0394,0.433,134.007,243533.0
87,I Hope You Dance,Lee Ann Womack,I Hope You Dance,2000,0.385,0.443,-9.627,0.0,0.0295,0.0632,0.0,0.0898,0.275,151.278,294533.0
88,Better Off Alone,Alice Deejay,Better Off Alone,2000,0.671,0.882,-6.149,0.0,0.0552,0.00181,0.667,0.285,0.787,136.955,214883.0
89,Dance with Me,Debelah Morgan,Dance with Me,2000,0.85,0.674,-7.981,0.0,0.0373,0.309,0.000645,0.0356,0.74,115.005,220107.0
90,What About Now,Lonestar,What About Now,2000,0.663,0.8190000000000001,-7.464,1.0,0.0335,0.147,0.0,0.0915,0.73,125.878,210000.0
91,I Like It,Sammie,I Like It,2000,0.8260000000000001,0.656,-8.529,1.0,0.0617,0.0101,0.000113,0.0272,0.852,129.963,251040.0
92,24/7,Kevon Edmonds,24/7,2000,0.6960000000000001,0.627,-5.629,1.0,0.0334,0.0685,0.0,0.0993,0.322,116.047,274267.0
93,Girl on TV,LFO,Girl on TV,2000,0.6880000000000001,0.716,-4.001,0.0,0.0297,0.131,0.0,0.134,0.352,96.043,247600.0
96,I Don't Wanna,Aaliyah,I Don't Wanna,2000,0.707,0.514,-7.286,0.0,0.0355,0.517,0.0,0.286,0.687,130.02,256560.0
98,Gotta Tell You,Samantha Mumba,Gotta Tell You,2000,0.739,0.75,-4.513,0.0,0.0278,0.205,0.0,0.157,0.758,109.983,200160.0
99,Waiting for Tonight,Jennifer Lopez,Waiting for Tonight,2000,0.6950000000000001,0.945,-6.165,0.0,0.0418,0.00341,0.0727,0.103,0.84,125.013,246427.0
100,Shackles (Praise You),Mary Mary,Shackles (Praise You),2000,0.779,0.834,-2.773,1.0,0.162,0.0343,0.0,0.0886,0.8,100.46,198347.0
1,Hanging by a Moment,Lifehouse,Hanging by a Moment,2001,0.541,0.864,-4.915,1.0,0.0357,0.00118,0.0,0.0896,0.435,124.557,216067.0
2,Fallin',Alicia Keys,Fallin',2001,0.652,0.609,-7.519,0.0,0.037,0.263,0.00101,0.233,0.482,95.986,210200.0
3,All for You,Janet Jackson,All for You,2001,0.753,0.934,-3.011,1.0,0.0736,0.0174,0.065,0.128,0.73,113.525,329933.0
4,Drops of Jupiter (Tell Me),Train,Drops of Jupiter (Tell Me),2001,0.481,0.638,-5.862,1.0,0.0276,0.153,0.0,0.154,0.497,79.064,259933.0
5,I'm Real,Jennifer Lopez,I'm Real,2001,0.708,0.587,-7.93,0.0,0.151,0.273,0.0,0.0718,0.554,83.46,262133.0
5,I'm Real,Ja Rule,I'm Real,2001,0.7000000000000001,0.631,-6.085,1.0,0.107,0.401,0.0,0.119,0.558,83.403,252933.0
6,If You're Gone,Matchbox Twenty,If You're Gone,2001,0.544,0.659,-7.191,1.0,0.0298,0.427,1.33e-06,0.126,0.361,109.933,274933.0
7,Let Me Blow Ya Mind,Eve,Let Me Blow Ya Mind,2001,0.908,0.557,-4.243,0.0,0.107,0.242,0.0,0.0709,0.897,90.032,230133.0
8,Thank You,Dido,Thank You,2001,0.725,0.583,-9.942,0.0,0.0427,0.3,0.0002379999999999,0.0665,0.762,79.984,218360.0
9,Again,Lenny Kravitz,Again,2001,0.55,0.804,-5.218,1.0,0.0271,0.0148,4.33e-05,0.105,0.789,79.166,231667.0
11,Hit 'Em Up Style (Oops!),Blu Cantrell,Hit 'Em Up Style (Oops!),2001,0.667,0.773,-4.983,0.0,0.0586,0.201,0.0,0.404,0.667,89.976,250707.0
12,It Wasn't Me,Shaggy,It Wasn't Me,2001,0.853,0.606,-4.596,1.0,0.0713,0.0561,0.0,0.313,0.654,94.759,227600.0
13,Stutter,Joe,Stutter,2001,0.767,0.759,-6.516,1.0,0.117,0.0513,0.0,0.31,0.677,89.989,213027.0
14,It's Been Awhile,Staind,It's Been Awhile,2001,0.425,0.8140000000000001,-5.105,1.0,0.0453,0.00112,0.0499,0.727,0.078,119.582,267347.0
15,U Remind Me,Usher,U Remind Me,2001,0.657,0.629,-4.938,1.0,0.0782,0.194,0.0,0.254,0.726,93.985,266893.0
16,Where the Party At,Jagged Edge,Where the Party At,2001,0.596,0.661,-6.239,0.0,0.226,0.31,0.0,0.0847,0.86,129.491,232573.0
17,Angel,Shaggy,Angel,2001,0.74,0.766,-2.939,1.0,0.178,0.116,0.0,0.0406,0.807,170.531,235133.0
17,Angel,Rayvon,Angel,2001,0.238,0.119,-13.6,0.0,0.038,0.955,0.00133,0.114,0.0626,80.639,225595.0
18,Ride wit Me,Nelly,Ride wit Me,2001,0.85,0.7000000000000001,-6.49,1.0,0.0478,0.0616,1.8e-06,0.244,0.722,101.875,291782.0
19,Follow Me,Uncle Kracker,Follow Me,2001,0.8170000000000001,0.585,-4.688,1.0,0.0301,0.439,0.0,0.147,0.916,105.014,218440.0
20,Peaches & Cream,112,Peaches & Cream,2001,0.706,0.537,-6.347,1.0,0.348,0.00887,0.0,0.129,0.775,203.746,225947.0
21,Drive,Incubus,Drive,2001,0.645,0.792,-7.34,0.0,0.036,0.0562,0.0121,0.119,0.666,90.565,232453.0
22,What Would You Do?,City High,What Would You Do?,2001,0.733,0.794,-6.909,1.0,0.223,0.259,0.0,0.483,0.8320000000000001,95.877,175560.0
24,Lady Marmalade,Christina Aguilera,Lady Marmalade,2001,0.754,0.811,-3.679,1.0,0.0561,0.0185,5.18e-06,0.654,0.639,109.902,267960.0
24,Lady Marmalade,Lil' Kim,Lady Marmalade,2001,0.876,0.398,-11.44,1.0,0.0366,0.00184,0.246,0.104,0.846,110.014,271581.0
24,Lady Marmalade,Mýa,Lady Marmalade,2001,0.876,0.398,-11.44,1.0,0.0366,0.00184,0.246,0.104,0.846,110.014,271581.0
24,Lady Marmalade,Pink,Lady Marmalade,2001,0.876,0.398,-11.44,1.0,0.0366,0.00184,0.246,0.104,0.846,110.014,271581.0
25,Ms. Jackson,Outkast,Ms. Jackson,2001,0.843,0.806,-5.946,0.0,0.269,0.143,0.0,0.0771,0.613,94.948,270507.0
26,Love Don't Cost a Thing,Jennifer Lopez,Love Don't Cost a Thing,2001,0.786,0.842,-5.115,0.0,0.0707,0.00305,3.54e-06,0.473,0.685,97.577,221227.0
27,The Way You Love Me,Faith Hill,The Way You Love Me,2001,0.627,0.716,-7.175,1.0,0.0352,0.127,0.0,0.0344,0.734,101.99,186067.0
28,He Loves U Not,Dream,He Loves U Not,2001,0.722,0.926,-5.849,1.0,0.209,0.0945,2.7e-06,0.128,0.605,155.898,226667.0
29,Butterfly,Crazy Town,Butterfly,2001,0.736,0.811,-4.17,0.0,0.081,0.00132,0.0001419999999999,0.107,0.609,103.502,216733.0
30,Put It on Me,Ja Rule,Put It on Me,2001,0.8310000000000001,0.79,-4.714,0.0,0.165,0.0024,0.0,0.0515,0.791,93.14,262827.0
30,Put It on Me,Vita,Put It on Me,2001,0.481,0.542,-7.62,1.0,0.363,0.0649,0.0,0.554,0.366,96.471,209164.0
31,Family Affair,Mary J. Blige,Family Affair,2001,0.911,0.551,-3.75,0.0,0.0449,0.132,4.12e-05,0.0863,0.969,92.887,265867.0
32,I Hope You Dance,Lee Ann Womack,I Hope You Dance,2001,0.385,0.443,-9.627,0.0,0.0295,0.0632,0.0,0.0898,0.275,151.278,294533.0
33,South Side,Moby,South Side,2001,0.611,0.724,-7.572,1.0,0.0421,0.0104,0.0452,0.0748,0.45,97.148,229733.0
33,South Side,Gwen Stefani,South Side,2001,0.523,0.489,-9.626,1.0,0.0332,0.00417,0.0815,0.0817,0.352,97.086,230322.0
34,Don't Tell Me,Madonna,Don't Tell Me,2001,0.6990000000000001,0.618,-7.338,1.0,0.0594,0.0502,0.0009249999999999,0.0914,0.679,99.965,280973.0
35,Get Ur Freak On,Missy Elliott,Get Ur Freak On,2001,0.797,0.75,-9.369,1.0,0.247,0.533,0.108,0.095,0.74,177.87,211120.0
36,Crazy,K-Ci & JoJo,Crazy,2001,0.677,0.648,-4.4,1.0,0.0259,0.0987,0.0,0.554,0.448,116.128,260267.0
37,Fill Me In,Craig David,Fill Me In,2001,0.682,0.744,-6.981,1.0,0.0365,0.376,0.00951,0.06,0.8270000000000001,132.493,257200.0
38,Someone to Call My Lover,Janet Jackson,Someone to Call My Lover,2001,0.738,0.914,-4.203,1.0,0.0434,0.144,0.00099,0.182,0.935,127.885,272360.0
39,With Arms Wide Open,Creed,With Arms Wide Open,2001,0.41,0.539,-8.412,1.0,0.0302,0.00425,0.00089,0.117,0.141,138.852,274800.0
40,Case of the Ex (Whatcha Gonna Do),Mýa,Case of the Ex (Whatcha Gonna Do),2001,0.774,0.684,-4.721,0.0,0.0408,0.0687,9.34e-05,0.0765,0.354,98.001,236827.0
41,All or Nothing,O-Town,All or Nothing,2001,0.641,0.453,-4.98,1.0,0.0281,0.262,0.0,0.284,0.216,126.872,248867.0
44,Kryptonite,3 Doors Down,Kryptonite,2001,0.545,0.865,-5.708,0.0,0.0286,0.00664,1.1e-05,0.168,0.543,99.009,233933.0
45,Fiesta,R. Kelly,Fiesta,2001,0.92,0.487,-5.578,0.0,0.182,0.0103,0.0,0.0411,0.806,92.836,241400.0
46,When It's Over,Sugar Ray,When It's Over,2001,0.675,0.775,-5.772,1.0,0.0522,0.0387,0.0,0.383,0.933,99.945,217853.0
47,Jaded,Aerosmith,Jaded,2001,0.518,0.866,-4.476,1.0,0.0509,0.00413,1.93e-05,0.246,0.671,117.983,215824.0
48,Promise,Jagged Edge,Promise,2001,0.751,0.5680000000000001,-5.431,0.0,0.0872,0.136,0.0,0.0288,0.646,128.002,246720.0
49,Missing You,Case,Missing You,2001,0.612,0.579,-6.417,0.0,0.0553,0.285,0.0,0.0556,0.716,86.31,284667.0
50,Differences,Ginuwine,Differences,2001,0.562,0.594,-4.578,0.0,0.0558,0.318,0.0,0.311,0.423,62.876,265533.0
51,This I Promise You,NSYNC,This I Promise You,2001,0.55,0.587,-6.279,1.0,0.0329,0.354,0.0,0.128,0.466,165.975,284760.0
52,Izzo (H.O.V.A.),Jay-Z,Izzo (H.O.V.A.),2001,0.618,0.844,-4.051,0.0,0.342,0.0178,0.000126,0.0634,0.6970000000000001,84.411,240627.0
53,Superwoman Pt. II,Lil' Mo,Superwoman Pt. II,2001,0.768,0.541,-5.183,0.0,0.1,0.286,0.0,0.107,0.645,95.715,265588.0
54,Crazy for This Girl,Evan and Jaron,Crazy for This Girl,2001,0.457,0.926,-5.461,1.0,0.038,0.0004869999999999,5.69e-05,0.0949,0.41,93.964,202027.0
55,Nobody Wants to Be Lonely,Ricky Martin,Nobody Wants to Be Lonely,2001,0.635,0.854,-5.02,0.0,0.0612,0.00579,0.0083,0.0623,0.59,100.851,252707.0
56,I Just Wanna Love U (Give It 2 Me),Jay-Z,I Just Wanna Love U (Give It 2 Me),2001,0.8,0.922,-5.125,0.0,0.24,0.301,9.31e-06,0.0352,0.801,98.631,227867.0
57,One Minute Man,Missy Elliott,One Minute Man,2001,0.622,0.669,-8.419,1.0,0.329,0.0266,2.97e-06,0.152,0.5700000000000001,93.839,252987.0
58,Danger (Been So Long),Mystikal,Danger (Been So Long),2001,0.92,0.861,-5.435,1.0,0.218,0.211,2.59e-05,0.0288,0.718,97.969,211400.0
59,Only Time,Enya,Only Time,2001,0.418,0.249,-13.744,1.0,0.0301,0.841,0.661,0.112,0.213,82.803,218547.0
60,I Do!!,Toya,I Do!!,2001,0.781,0.583,-7.83,0.0,0.0628,0.0859,0.00216,0.058,0.91,156.264,213493.0
61,Never Had a Dream Come True,S Club 7,Never Had a Dream Come True,2001,0.639,0.534,-5.588,1.0,0.0281,0.508,0.0,0.0948,0.434,122.931,240492.0
62,Stranger in My House,Tamia,Stranger in My House,2001,0.676,0.601,-4.905,1.0,0.0297,0.103,0.0,0.147,0.206,119.94,285387.0
63,Irresistible,Jessica Simpson,Irresistible,2001,0.659,0.966,-2.783,0.0,0.0538,0.0279,8.25e-05,0.0489,0.687,93.008,193600.0
64,Heard It All Before,Sunshine Anderson,Heard It All Before,2001,0.6970000000000001,0.925,-4.209,0.0,0.216,0.0614,0.0,0.095,0.678,96.951,295827.0
65,The Space Between,Dave Matthews Band,The Space Between,2001,0.406,0.73,-6.2780000000000005,1.0,0.0315,0.0471,0.0,0.229,0.207,170.032,242000.0
66,There You'll Be,Faith Hill,There You'll Be,2001,0.325,0.532,-7.208,1.0,0.0308,0.496,0.0,0.134,0.162,129.021,220840.0
67,Love,Musiq Soulchild,Love,2001,0.5690000000000001,0.385,-9.919,0.0,0.0499,0.342,0.0,0.0876,0.339,99.738,304667.0
69,No More (Baby I'ma Do Right),3LW,No More (Baby I'ma Do Right),2001,0.721,0.723,-7.08,0.0,0.0631,0.102,4.4e-06,0.0651,0.761,88.933,263440.0
70,Turn Off the Light,Nelly Furtado,Turn Off the Light,2001,0.589,0.687,-6.222,1.0,0.097,0.0778,0.000289,0.419,0.649,180.215,276067.0
72,Play,Jennifer Lopez,Play,2001,0.775,0.729,-4.229,0.0,0.162,0.0303,0.00247,0.0361,0.895,104.719,211493.0
73,I'm Already There,Lonestar,I'm Already There,2001,0.61,0.446,-6.258,1.0,0.0655,0.916,0.0,0.221,0.611,133.56,271893.0
74,My Baby,Lil' Romeo,My Baby,2001,0.8200000000000001,0.761,-2.714,1.0,0.219,0.0481,0.0,0.218,0.584,97.423,221000.0
75,Beautiful Day,U2,Beautiful Day,2001,0.539,0.926,-6.495,1.0,0.0499,0.014,0.00136,0.36,0.454,136.279,246400.0
76,Austin,Blake Shelton,Austin,2001,0.605,0.609,-7.063,1.0,0.0278,0.188,0.0,0.0982,0.275,119.914,230333.0
77,Southern Hospitality,Ludacris,Southern Hospitality,2001,0.623,0.896,-4.719,1.0,0.247,0.035,0.0,0.0941,0.613,95.158,300933.0
78,Grown Men Don't Cry,Tim McGraw,Grown Men Don't Cry,2001,0.657,0.513,-8.514,1.0,0.024,0.199,0.0,0.0994,0.56,101.815,235760.0
79,Livin' It Up,Ja Rule,Livin' It Up,2001,0.875,0.774,-4.087,1.0,0.309,0.0547,0.0,0.0414,0.606,106.027,257133.0
80,Loverboy,Mariah Carey,Loverboy,2001,0.721,0.79,-4.125,1.0,0.124,0.183,0.0,0.1,0.8210000000000001,103.141,229173.0
81,Contagious,The Isley Brothers,Contagious,2001,0.709,0.449,-7.251,0.0,0.04,0.24,0.0,0.134,0.204,113.023,346467.0
82,Who I Am,Jessica Andrews,Who I Am,2001,0.463,0.674,-5.422,1.0,0.0319,0.0115,0.0,0.123,0.259,84.039,255234.0
83,Music,Erick Sermon,Music,2001,0.897,0.466,-9.053,0.0,0.203,0.187,1.35e-06,0.0757,0.884,100.01,223133.0
83,Music,Marvin Gaye,Music,2001,0.866,0.638,-7.779,0.0,0.0343,0.253,0.000251,0.0784,0.8,104.048,307533.0
84,I Wanna Be Bad,Willa Ford,I Wanna Be Bad,2001,0.647,0.8180000000000001,-3.47,0.0,0.0647,0.234,1.89e-05,0.216,0.8160000000000001,180.019,183560.0
85,Don't Happen Twice,Kenny Chesney,Don't Happen Twice,2001,0.499,0.708,-7.029,1.0,0.0301,0.00626,1.15e-05,0.0423,0.617,158.785,203067.0
86,One More Day,Diamond Rio,One More Day,2001,0.668,0.405,-7.629,1.0,0.0277,0.592,0.0,0.115,0.234,131.064,216173.0
87,I Wish,R. Kelly,I Wish,2001,0.42,0.463,-9.056,1.0,0.12,0.068,0.0,0.119,0.659,78.83,334000.0
88,It's a Great Day to Be Alive,Travis Tritt,It's a Great Day to Be Alive,2001,0.336,0.854,-1.895,1.0,0.0443,0.278,0.0,0.874,0.536,140.77,249987.0
89,I'm a Thug,Trick Daddy,I'm a Thug,2001,0.613,0.674,-4.759,1.0,0.293,0.0877,0.0,0.138,0.654,179.69,217640.0
91,You Shouldn't Kiss Me Like This,Toby Keith,You Shouldn't Kiss Me Like This,2001,0.439,0.665,-7.671,1.0,0.0351,0.474,1.56e-05,0.26,0.328,168.707,223467.0
93,Dance with Me,Debelah Morgan,Dance with Me,2001,0.85,0.674,-7.981,0.0,0.0373,0.309,0.000645,0.0356,0.74,115.005,220107.0
94,"So Fresh, So Clean",Outkast,"So Fresh, So Clean",2001,0.725,0.64,-7.905,0.0,0.332,0.0281,0.0,0.099,0.915,166.028,240027.0
95,E.I.,Nelly,E.I.,2001,0.834,0.481,-7.824,0.0,0.188,0.0732,0.0,0.0934,0.406,89.849,285907.0
96,Be Like That,3 Doors Down,Be Like That,2001,0.487,0.7020000000000001,-6.043,1.0,0.0238,0.00528,4.97e-06,0.129,0.306,95.982,265907.0
98,Oochie Wally,Nas,Oochie Wally,2001,0.655,0.759,-6.408,1.0,0.321,0.0546,0.0005859999999999,0.589,0.711,93.704,297907.0
98,Oochie Wally,Bravehearts,Oochie Wally,2001,0.586,0.424,-17.692,1.0,0.382,0.0643,0.000669,0.499,0.789,93.253,238413.0
99,Hero,Enrique Iglesias,Hero,2001,0.581,0.651,-5.617,1.0,0.0392,0.143,1.05e-05,0.107,0.146,151.959,264600.0
100,Hemorrhage (In My Hands),Fuel,Hemorrhage (In My Hands),2001,0.301,0.8230000000000001,-4.072,1.0,0.0433,0.000144,0.000309,0.0833,0.372,152.017,236867.0
1,How You Remind Me,Nickelback,How You Remind Me,2002,0.446,0.764,-5.042,1.0,0.033,0.00135,0.0,0.099,0.543,172.094,223840.0
2,Foolish,Ashanti,Foolish,2002,0.665,0.6950000000000001,-5.763,1.0,0.0532,0.347,0.0,0.106,0.707,90.119,227387.0
3,Hot in Herre,Nelly,Hot in Herre,2002,0.956,0.745,-4.753,0.0,0.12,0.206,0.0,0.0615,0.912,107.075,228240.0
4,Dilemma,Nelly,Dilemma,2002,0.727,0.552,-8.074,0.0,0.14,0.227,0.000164,0.198,0.607,168.189,289160.0
5,Wherever You Will Go,The Calling,Wherever You Will Go,2002,0.558,0.719,-5.113,1.0,0.0267,0.0367,0.0,0.115,0.371,112.027,208600.0
6,A Thousand Miles,Vanessa Carlton,A Thousand Miles,2002,0.56,0.8250000000000001,-3.862,1.0,0.0379,0.323,0.0,0.161,0.268,94.931,237493.0
7,In the End,Linkin Park,In the End,2002,0.556,0.864,-5.87,0.0,0.0584,0.00958,0.0,0.209,0.4,105.143,216880.0
8,What's Luv?,Fat Joe,What's Luv?,2002,0.839,0.754,-4.165,1.0,0.0794,0.0119,4.7300000000000005e-06,0.0462,0.866,93.863,229933.0
9,U Got It Bad,Usher,U Got It Bad,2002,0.8160000000000001,0.5,-4.551,1.0,0.03,0.0227,1.53e-06,0.0733,0.649,124.037,247840.0
10,Blurry,Puddle of Mudd,Blurry,2002,0.431,0.938,-4.507,0.0,0.0542,0.00805,0.0,0.138,0.523,157.462,304000.0
11,Complicated,Avril Lavigne,Complicated,2002,0.585,0.776,-5.898,1.0,0.0459,0.0572,7.74e-06,0.3,0.427,77.987,244507.0
12,Always on Time,Ja Rule,Always on Time,2002,0.8320000000000001,0.6990000000000001,-6.322,0.0,0.209,0.202,0.0,0.131,0.853,96.652,245867.0
12,Always on Time,Ashanti,Always on Time,2002,0.743,0.779,-6.187,1.0,0.054,0.0975,2.85e-06,0.5,0.665,99.308,235813.0
13,Ain't It Funny (Murder Remix),Jennifer Lopez,Ain't It Funny (Murder Remix),2002,0.781,0.746,-2.686,1.0,0.17,0.364,0.0,0.098,0.786,89.43,229800.0
14,The Middle,Jimmy Eat World,The Middle,2002,0.643,0.849,-5.428,1.0,0.0526,0.0371,0.0,0.058,0.903,162.152,165853.0
15,I Need a Girl (Part One),P. Diddy,I Need a Girl (Part One),2002,0.736,0.651,-10.347,1.0,0.0536,0.425,0.00722,0.104,0.927,89.214,241074.0
16,U Don't Have to Call,Usher,U Don't Have to Call,2002,0.793,0.5680000000000001,-4.958,1.0,0.0459,0.0478,3.57e-05,0.0304,0.806,100.005,269400.0
17,Family Affair,Mary J. Blige,Family Affair,2002,0.911,0.551,-3.75,0.0,0.0449,0.132,4.12e-05,0.0863,0.969,92.887,265867.0
18,I Need a Girl (Part Two),P. Diddy,I Need a Girl (Part Two),2002,0.59,0.404,-9.308,1.0,0.423,0.328,0.0,0.0449,0.792,199.75,286043.0
19,Gangsta Lovin',Eve,Gangsta Lovin',2002,0.723,0.84,-3.523,0.0,0.0608,0.0619,0.0,0.0945,0.8270000000000001,94.332,239267.0
20,My Sacrifice,Creed,My Sacrifice,2002,0.32,0.88,-6.035,1.0,0.0504,0.000101,4.31e-06,0.076,0.257,146.349,294600.0
21,Without Me,Eminem,Without Me,2002,0.908,0.669,-2.827,1.0,0.0738,0.00286,0.0,0.237,0.662,112.238,290320.0
22,Hero,Enrique Iglesias,Hero,2002,0.581,0.651,-5.617,1.0,0.0392,0.143,1.05e-05,0.107,0.146,151.959,264600.0
23,All You Wanted,Michelle Branch,All You Wanted,2002,0.499,0.72,-9.101,1.0,0.0286,0.00466,0.00303,0.122,0.652,96.103,217680.0
25,Hero,Chad Kroeger,Hero,2002,0.427,0.843,-4.54,1.0,0.0364,0.00216,0.0,0.179,0.304,147.387,200480.0
25,Hero,Josey Scott,Hero,2002,0.389,0.517,-12.305,1.0,0.0361,0.000621,0.462,0.102,0.173,147.15,192993.0
26,Wasting My Time,Default,Wasting My Time,2002,0.449,0.776,-5.594,1.0,0.0322,0.00171,0.0,0.0698,0.198,148.11,269307.0
27,One Last Breath,Creed,One Last Breath,2002,0.386,0.677,-5.83,1.0,0.0346,0.00841,0.00366,0.341,0.195,126.602,238240.0
28,"Whenever, Wherever",Shakira,"Whenever, Wherever",2002,0.794,0.8320000000000001,-4.862,0.0,0.0407,0.237,1.14e-05,0.203,0.871,107.657,196160.0
29,I'm Gonna Be Alright,Jennifer Lopez,I'm Gonna Be Alright,2002,0.843,0.612,-4.71,0.0,0.157,0.0573,0.000305,0.154,0.791,93.975,200200.0
31,Heaven,DJ Sammy,Heaven,2002,0.5710000000000001,0.953,-5.601,1.0,0.0548,0.0011,0.000606,0.226,0.601,137.965,233600.0
31,Heaven,Yanou,Heaven,2002,0.805,0.8160000000000001,-10.058,0.0,0.0835,0.0668,0.925,0.0346,0.891,137.973,235547.0
31,Heaven,Do,Heaven,2002,0.306,0.647,-9.969,1.0,0.0316,0.0768,0.0,0.366,0.321,148.087,384467.0
32,Hey Baby,No Doubt,Hey Baby,2002,0.705,0.872,-3.557,0.0,0.126,0.0618,0.0,0.227,0.75,93.628,207040.0
33,Girlfriend,NSYNC,Girlfriend,2002,0.748,0.809,-5.213,0.0,0.0904,0.0857,1.48e-05,0.0282,0.868,93.963,253600.0
33,Girlfriend,Nelly,Girlfriend,2002,0.662,0.967,-3.751,0.0,0.0449,0.0596,0.0768,0.673,0.357,122.999,281667.0
34,Just a Friend 2002,Mario,Just a Friend 2002,2002,0.538,0.677,-6.099,1.0,0.187,0.00541,0.0,0.236,0.913,132.346,214200.0
35,Soak Up the Sun,Sheryl Crow,Soak Up the Sun,2002,0.717,0.733,-4.985,1.0,0.0427,0.0398,0.0,0.136,0.713,119.996,292307.0
37,Nothin',N.O.R.E.,Nothin',2002,0.791,0.863,-6.118,0.0,0.151,0.317,1.13e-06,0.27,0.742,97.035,264653.0
38,Oops (Oh My),Tweet,Oops (Oh My),2002,0.66,0.536,-8.786,0.0,0.29,0.233,0.00669,0.111,0.775,159.963,237800.0
39,A Moment Like This,Kelly Clarkson,A Moment Like This,2002,0.414,0.5720000000000001,-3.918,1.0,0.0311,0.163,0.0,0.115,0.16,145.184,228280.0
40,Addictive,Truth Hurts,Addictive,2002,0.7010000000000001,0.677,-6.591,0.0,0.147,0.0737,0.0001619999999999,0.187,0.367,99.271,226440.0
41,Happy,Ashanti,Happy,2002,0.727,0.515,-6.553,0.0,0.0289,0.241,3.74e-06,0.124,0.6950000000000001,89.488,262227.0
42,No Such Thing,John Mayer,No Such Thing,2002,0.668,0.739,-4.9190000000000005,1.0,0.0308,0.0383,0.0,0.13,0.5710000000000001,131.918,231467.0
44,Down 4 U,Charli Baltimore,Down 4 U,2002,0.64,0.59,-7.442,1.0,0.32,0.252,0.0,0.665,0.519,83.133,318213.0
45,Can't Get You Out of My Head,Kylie Minogue,Can't Get You Out of My Head,2002,0.536,0.98,-5.679,0.0,0.258,0.13,0.322,0.712,0.243,128.017,365213.0
46,Superman (It's Not Easy),Five for Fighting,Superman (It's Not Easy),2002,0.382,0.416,-9.303,1.0,0.0302,0.0733,0.0,0.0719,0.125,102.089,221693.0
47,Cleanin' Out My Closet,Eminem,Cleanin' Out My Closet,2002,0.908,0.758,-4.753,0.0,0.174,0.0687,0.0,0.0783,0.87,148.015,297840.0
48,Halfcrazy,Musiq Soulchild,Halfcrazy,2002,0.412,0.77,-6.057,0.0,0.18,0.462,1.5e-06,0.0485,0.418,101.955,254493.0
49,"Lights, Camera, Action!",Mr. Cheeks,"Lights, Camera, Action!",2002,0.85,0.893,-6.496,1.0,0.185,0.027,0.0,0.0796,0.811,105.522,246200.0
50,Still Fly,Big Tymers,Still Fly,2002,0.675,0.607,-3.5380000000000003,1.0,0.162,0.0302,8.97e-06,0.339,0.56,177.928,335613.0
51,A Woman's Worth,Alicia Keys,A Woman's Worth,2002,0.652,0.41,-8.323,0.0,0.158,0.333,0.0,0.064,0.495,75.09,303333.0
52,7 Days,Craig David,7 Days,2002,0.659,0.812,-7.499,0.0,0.0487,0.23,0.0,0.0951,0.888,83.014,235133.0
54,Work It,Missy Elliott,Work It,2002,0.884,0.677,-5.603,1.0,0.283,0.0778,0.0,0.0732,0.584,101.868,263227.0
55,Move Bitch,Ludacris,Move Bitch,2002,0.777,0.764,-5.681,1.0,0.141,0.243,0.0,0.103,0.174,177.868,270867.0
56,Can't Fight the Moonlight,LeAnn Rimes,Can't Fight the Moonlight,2002,0.628,0.834,-6.341,0.0,0.0497,0.403,0.0,0.051,0.626,97.865,215507.0
57,Escape,Enrique Iglesias,Escape,2002,0.777,0.852,-5.329,1.0,0.0295,0.0299,0.000498,0.145,0.877,125.994,208040.0
58,More Than A Woman,Aaliyah,More Than A Woman,2002,0.655,0.649,-5.6530000000000005,0.0,0.089,0.0793,0.0003929999999999,0.117,0.759,86.968,229867.0
59,Hella Good,No Doubt,Hella Good,2002,0.772,0.665,-3.947,1.0,0.0349,0.0136,0.012,0.0905,0.838,115.138,242587.0
60,I Love You,Faith Evans,I Love You,2002,0.489,0.757,-4.062,0.0,0.0926,0.00981,0.0,0.234,0.5670000000000001,168.004,267160.0
61,Gotta Get thru This,Daniel Bedingfield,Gotta Get thru This,2002,0.837,0.765,-5.007,0.0,0.0631,0.0852,7.08e-05,0.1,0.912,133.57,161200.0
62,"Pass the Courvoisier, Part II",Busta Rhymes,"Pass the Courvoisier, Part II",2002,0.6970000000000001,0.793,-4.699,0.0,0.323,0.0844,0.0,0.0619,0.56,89.767,238600.0
63,Lose Yourself,Eminem,Lose Yourself,2002,0.6920000000000001,0.744,-4.565,1.0,0.257,0.00868,0.000423,0.359,0.0612,171.374,326467.0
64,Butterflies,Michael Jackson,Butterflies,2002,0.708,0.655,-2.69,1.0,0.0883,0.0583,2.1e-06,0.11,0.545,89.99,279160.0
65,What About Us?,Brandy,What About Us?,2002,0.524,0.732,-1.595,0.0,0.355,0.257,0.0,0.439,0.736,185.932,250067.0
66,Underneath Your Clothes,Shakira,Underneath Your Clothes,2002,0.616,0.597,-5.328,1.0,0.0415,0.6910000000000001,0.0,0.104,0.362,165.508,224067.0
67,Rainy Dayz,Mary J. Blige,Rainy Dayz,2002,0.476,0.663,-6.905,1.0,0.191,0.182,0.0,0.321,0.525,74.884,276360.0
68,Differences,Ginuwine,Differences,2002,0.562,0.594,-4.578,0.0,0.0558,0.318,0.0,0.311,0.423,62.876,265533.0
69,If I Could Go!,Angie Martinez,If I Could Go!,2002,0.592,0.643,-7.486,0.0,0.354,0.169,0.0,0.0395,0.6990000000000001,195.558,244467.0
70,The Whole World,Outkast,The Whole World,2002,0.8140000000000001,0.852,-6.176,1.0,0.401,0.0958,1.32e-06,0.0288,0.717,184.682,295347.0
71,Underneath It All,No Doubt,Underneath It All,2002,0.729,0.731,-4.823,1.0,0.0682,0.235,1.35e-06,0.391,0.838,138.204,302720.0
71,Underneath It All,Lady Saw,Underneath It All,2002,0.776,0.719,-8.641,1.0,0.0373,0.0454,0.48,0.122,0.966,138.044,250567.0
72,Caramel,City High,Caramel,2002,0.801,0.66,-8.267,0.0,0.286,0.175,9.5e-06,0.0748,0.295,93.036,212293.0
73,Luv U Better,LL Cool J,Luv U Better,2002,0.667,0.808,-3.878,1.0,0.238,0.239,0.0,0.298,0.712,95.075,286907.0
74,Gimme the Light,Sean Paul,Gimme the Light,2002,0.778,0.761,-5.529,1.0,0.0525,0.141,4.6e-05,0.0441,0.923,107.288,228000.0
75,Gone,NSYNC,Gone,2002,0.704,0.409,-8.581,0.0,0.0597,0.43,0.0,0.109,0.495,113.863,292000.0
76,Livin' It Up,Ja Rule,Livin' It Up,2002,0.875,0.774,-4.087,1.0,0.309,0.0547,0.0,0.0414,0.606,106.027,257133.0
77,Rollout (My Business),Ludacris,Rollout (My Business),2002,0.921,0.668,-8.73,1.0,0.235,0.0949,0.0,0.592,0.892,131.059,296587.0
78,Here Is Gone,Goo Goo Dolls,Here Is Gone,2002,0.338,0.685,-5.178,1.0,0.0322,0.00052,0.000512,0.109,0.221,102.192,238173.0
79,No More Drama,Mary J. Blige,No More Drama,2002,0.653,0.837,-6.818,0.0,0.124,0.534,7.12e-05,0.0784,0.64,97.914,326240.0
80,Days Go By,Dirty Vegas,Days Go By,2002,0.786,0.853,-8.274000000000001,0.0,0.0688,0.0499,0.0872,0.35,0.309,126.99,432147.0
81,Baby,Ashanti,Baby,2002,0.71,0.797,-3.006,0.0,0.0582,0.408,0.0,0.16,0.849,94.998,209120.0
82,The Good Stuff,Kenny Chesney,The Good Stuff,2002,0.612,0.62,-9.785,1.0,0.0645,0.255,0.0,0.129,0.502,143.78,200440.0
83,We Thuggin',Fat Joe,We Thuggin',2002,0.896,0.649,-3.792,1.0,0.208,0.177,0.0,0.0759,0.8220000000000001,99.107,213533.0
84,Good Morning Beautiful,Steve Holy,Good Morning Beautiful,2002,0.5650000000000001,0.5,-8.822,1.0,0.031,0.452,0.0,0.137,0.242,70.984,210933.0
85,Rock the Boat,Aaliyah,Rock the Boat,2002,0.637,0.725,-5.073,1.0,0.0333,0.0702,0.00438,0.203,0.415,92.99,274733.0
86,Drive (For Daddy Gene),Alan Jackson,Drive (For Daddy Gene),2002,0.713,0.579,-8.066,1.0,0.0413,0.338,0.0,0.174,0.511,125.179,242733.0
87,Standing Still,Jewel,Standing Still,2002,0.614,0.681,-6.616,1.0,0.0337,0.152,7.32e-06,0.0797,0.341,123.898,270333.0
89,Full Moon,Brandy,Full Moon,2002,0.6920000000000001,0.656,-4.8100000000000005,0.0,0.151,0.358,0.0029,0.0929,0.629,105.994,248933.0
90,Uh Huh,B2K,Uh Huh,2002,0.855,0.681,-4.955,1.0,0.0688,0.0881,3.7e-06,0.0592,0.908,99.699,223293.0
91,A New Day Has Come,Celine Dion,A New Day Has Come,2002,0.6910000000000001,0.64,-5.087,1.0,0.0384,0.0247,5.24e-06,0.2,0.452,101.991,210227.0
92,Turn Off the Light,Nelly Furtado,Turn Off the Light,2002,0.589,0.687,-6.222,1.0,0.097,0.0778,0.000289,0.419,0.649,180.215,276067.0
93,Living and Living Well,George Strait,Living and Living Well,2002,0.602,0.683,-6.82,1.0,0.0304,0.347,0.00338,0.11,0.522,120.787,218307.0
94,My List,Toby Keith,My List,2002,0.629,0.737,-4.309,0.0,0.0323,0.332,0.0,0.147,0.341,87.068,199813.0
95,Hands Clean,Alanis Morissette,Hands Clean,2002,0.513,0.8200000000000001,-5.428,1.0,0.0299,0.00192,2.83e-06,0.504,0.52,99.952,269400.0
96,Sk8er Boi,Avril Lavigne,Sk8er Boi,2002,0.487,0.9,-4.417,1.0,0.0482,6.79e-05,0.0,0.358,0.484,149.937,204000.0
98,Where Were You (When the World Stopped Turning),Alan Jackson,Where Were You (When the World Stopped Turning),2002,0.642,0.388,-9.194,1.0,0.0322,0.473,0.0,0.0754,0.186,115.355,305093.0
99,Like I Love You,Justin Timberlake,Like I Love You,2002,0.853,0.811,-4.927,0.0,0.0646,0.0439,0.000307,0.0703,0.9,114.964,283627.0
100,I Do!!,Toya,I Do!!,2002,0.781,0.583,-7.83,0.0,0.0628,0.0859,0.00216,0.058,0.91,156.264,213493.0
1,In da Club,50 Cent,In da Club,2003,0.902,0.72,-2.776,0.0,0.347,0.26,0.0,0.0749,0.805,90.059,193467.0
2,Ignition,R. Kelly,Ignition,2003,0.795,0.523,-7.165,1.0,0.0423,0.061,0.0,0.0914,0.855,133.024,186067.0
3,Get Busy,Sean Paul,Get Busy,2003,0.741,0.8240000000000001,-4.143,0.0,0.0352,0.614,0.0,0.158,0.725,100.216,211666.0
4,Crazy in Love,Beyoncé,Crazy in Love,2003,0.646,0.77,-6.596,0.0,0.226,0.00249,0.0,0.0715,0.681,99.165,236133.0
5,When I'm Gone,3 Doors Down,When I'm Gone,2003,0.53,0.768,-5.611,1.0,0.0284,0.00385,0.0,0.103,0.374,148.095,260333.0
6,Unwell,Matchbox Twenty,Unwell,2003,0.256,0.788,-5.263,0.0,0.0403,0.0298,0.0,0.707,0.429,80.718,228707.0
7,Right Thurr,Chingy,Right Thurr,2003,0.866,0.749,-3.977,1.0,0.253,0.15,0.0,0.0614,0.891,92.074,250747.0
8,Miss You,Aaliyah,Miss You,2003,0.678,0.338,-9.899,1.0,0.0319,0.655,0.0,0.215,0.502,109.888,245227.0
9,Picture,Kid Rock,Picture,2003,0.6920000000000001,0.496,-7.332,1.0,0.0241,0.172,6.42e-06,0.107,0.376,97.945,298960.0
10,Bring Me to Life,Evanescence,Bring Me to Life,2003,0.331,0.943,-3.188,0.0,0.0698,0.00721,2.06e-06,0.242,0.296,94.612,235893.0
11,Get Low,Lil Jon & The East Side Boyz,Get Low,2003,0.521,0.625,-7.47,1.0,0.067,0.0301,0.0,0.121,0.136,101.019,334067.0
11,Get Low,Ying Yang Twins,Get Low,2003,0.734,0.6900000000000001,-8.23,0.0,0.0351,0.0002,1.16e-05,0.0951,0.668,101.998,365360.0
12,Baby Boy,Beyoncé,Baby Boy,2003,0.655,0.488,-9.17,1.0,0.22,0.0825,1.16e-06,0.221,0.791,91.025,244827.0
12,Baby Boy,Sean Paul,Baby Boy,2003,0.677,0.621,-5.725,1.0,0.23,0.0667,2.46e-06,0.142,0.8180000000000001,91.147,246707.0
13,Shake Ya Tailfeather,Nelly,Shake Ya Tailfeather,2003,0.527,0.808,-4.749,1.0,0.295,0.176,0.0,0.169,0.907,87.025,293667.0
13,Shake Ya Tailfeather,P. Diddy,Shake Ya Tailfeather,2003,0.579,0.716,-10.267,0.0,0.35,0.295,0.0,0.228,0.715,87.642,295840.0
13,Shake Ya Tailfeather,Murphy Lee,Shake Ya Tailfeather,2003,0.715,0.733,-7.068,1.0,0.262,0.134,0.0,0.157,0.897,87.665,295173.0
14,21 Questions,50 Cent,21 Questions,2003,0.5760000000000001,0.807,-3.908,0.0,0.317,0.353,0.000363,0.0512,0.908,90.012,224427.0
14,21 Questions,Nate Dogg,21 Questions,2003,0.561,0.775,-6.22,0.0,0.322,0.349,0.000303,0.267,0.85,90.929,134133.0
15,All I Have,Jennifer Lopez,All I Have,2003,0.6990000000000001,0.668,-5.305,1.0,0.106,0.265,0.0,0.141,0.472,83.074,254467.0
15,All I Have,LL Cool J,All I Have,2003,0.707,0.655,-5.704,1.0,0.103,0.264,0.0,0.126,0.415,83.087,254373.0
16,Beautiful,Christina Aguilera,Beautiful,2003,0.456,0.5730000000000001,-3.866,0.0,0.0275,0.578,3.05e-06,0.114,0.0992,76.19,238560.0
17,I Know What You Want,Busta Rhymes,I Know What You Want,2003,0.648,0.759,-4.315,1.0,0.306,0.0142,0.0,0.648,0.518,85.996,324307.0
18,I'm with You,Avril Lavigne,I'm with You,2003,0.467,0.667,-4.386,1.0,0.0315,0.007,0.0,0.155,0.399,91.057,187794.0
19,Drift Away,Uncle Kracker,Drift Away,2003,0.583,0.66,-5.078,1.0,0.0377,0.181,0.0,0.0979,0.861,151.956,255560.0
19,Drift Away,Dobie Gray,Drift Away,2003,0.521,0.443,-8.188,1.0,0.0395,0.308,0.0,0.475,0.596,76.228,237467.0
20,Magic Stick,Lil' Kim,Magic Stick,2003,0.849,0.499,-7.872,1.0,0.271,0.117,4.97e-05,0.268,0.504,92.982,359973.0
21,P.I.M.P.,50 Cent,P.I.M.P.,2003,0.7000000000000001,0.758,-3.012,0.0,0.342,0.0444,1.3e-05,0.0401,0.889,78.693,249467.0
22,"Bump, Bump, Bump",B2K,"Bump, Bump, Bump",2003,0.834,0.685,-5.862,0.0,0.225,0.0998,0.0,0.0514,0.877,95.507,278573.0
22,"Bump, Bump, Bump",P. Diddy,"Bump, Bump, Bump",2003,0.893,0.369,-7.128,0.0,0.0507,0.029,0.00058,0.0844,0.926,95.627,227738.0
23,Into You,Fabolous,Into You,2003,0.546,0.538,-7.886,0.0,0.0523,0.233,0.0,0.118,0.58,182.12,295773.0
23,Into You,Tamia,Into You,2003,0.656,0.479,-7.055,0.0,0.0348,0.0665,0.00272,0.168,0.708,184.374,261867.0
24,Can't Let You Go,Fabolous,Can't Let You Go,2003,0.554,0.6930000000000001,-6.049,0.0,0.485,0.201,0.0,0.0885,0.752,192.145,222507.0
25,Mesmerize,Ja Rule,Mesmerize,2003,0.764,0.648,-6.639,1.0,0.206,0.0563,0.0,0.414,0.391,90.1,278720.0
26,Where Is the Love?,Black Eyed Peas,Where Is the Love?,2003,0.834,0.6990000000000001,-3.222,1.0,0.178,0.111,0.0,0.131,0.809,94.086,272533.0
27,The Game of Love,Santana,The Game of Love,2003,0.59,0.929,-3.236,1.0,0.0478,0.0714,0.000153,0.0598,0.674,119.818,254467.0
27,The Game of Love,Michelle Branch,The Game of Love,2003,0.628,0.614,-10.19,1.0,0.0287,0.0211,0.037,0.0752,0.752,119.824,260853.0
28,Lose Yourself,Eminem,Lose Yourself,2003,0.6920000000000001,0.744,-4.565,1.0,0.257,0.00868,0.000423,0.359,0.0612,171.374,326467.0
29,Rock wit U (Awww Baby),Ashanti,Rock wit U (Awww Baby),2003,0.71,0.797,-3.006,0.0,0.0582,0.408,0.0,0.16,0.849,94.998,209120.0
30,Cry Me a River,Justin Timberlake,Cry Me a River,2003,0.624,0.654,-6.582,0.0,0.183,0.577,0.0,0.104,0.5640000000000001,73.898,288333.0
31,How You Gonna Act Like That,Tyrese,How You Gonna Act Like That,2003,0.733,0.521,-3.657,0.0,0.0457,0.107,0.0,0.0692,0.525,112.913,294693.0
32,Rock Your Body,Justin Timberlake,Rock Your Body,2003,0.892,0.714,-6.055,0.0,0.141,0.201,0.000234,0.0521,0.8170000000000001,100.972,267267.0
33,No Letting Go,Wayne Wonder,No Letting Go,2003,0.496,0.8190000000000001,-5.656,0.0,0.0444,0.0479,0.000215,0.177,0.317,100.215,202013.0
34,Frontin',Pharrell,Frontin',2003,0.894,0.404,-5.913,0.0,0.13,0.453,1.57e-06,0.0801,0.759,102.009,236507.0
35,Landslide,Dixie Chicks,Landslide,2003,0.604,0.522,-9.612,0.0,0.0271,0.298,0.0533,0.092,0.337,146.007,227004.0
36,Work It,Missy Elliott,Work It,2003,0.884,0.677,-5.603,1.0,0.283,0.0778,0.0,0.0732,0.584,101.868,263227.0
37,'03 Bonnie & Clyde,Jay-Z,'03 Bonnie & Clyde,2003,0.759,0.678,-5.148,0.0,0.314,0.23,0.0,0.15,0.327,89.64,205560.0
39,So Gone,Monica,So Gone,2003,0.618,0.552,-6.863,1.0,0.0981,0.176,0.0,0.252,0.586,81.975,242773.0
40,Air Force Ones,Nelly,Air Force Ones,2003,0.784,0.459,-9.74,0.0,0.317,0.0847,0.0,0.079,0.618,164.062,304000.0
41,"Never Leave You (Uh Oooh, Uh Oooh)",Lumidee,"Never Leave You (Uh Oooh, Uh Oooh)",2003,0.811,0.657,-6.197,1.0,0.362,0.0391,0.712,0.0798,0.777,199.958,184907.0
42,Beautiful,Snoop Dogg,Beautiful,2003,0.907,0.6950000000000001,-6.268,0.0,0.135,0.246,0.0,0.0808,0.961,101.007,298307.0
42,Beautiful,Pharrell,Beautiful,2003,0.235,0.475,-6.183,0.0,0.0291,0.681,0.0,0.112,0.144,82.427,239752.0
43,Gossip Folks,Missy Elliott,Gossip Folks,2003,0.707,0.538,-5.264,1.0,0.505,0.362,0.0,0.317,0.439,121.732,234893.0
44,Miss Independent,Kelly Clarkson,Miss Independent,2003,0.655,0.623,-6.302,0.0,0.116,0.0861,0.000346,0.0652,0.615,175.973,214787.0
45,Calling All Angels,Train,Calling All Angels,2003,0.454,0.839,-5.368,1.0,0.0441,0.0746,0.0,0.279,0.529,166.166,242200.0
46,Damn!,YoungBloodZ,Damn!,2003,0.772,0.724,-5.799,0.0,0.307,0.0149,0.0,0.355,0.518,84.038,298600.0
46,Damn!,Lil Jon,Damn!,2003,0.626,0.513,-8.731,1.0,0.448,0.0533,0.0,0.0805,0.426,141.98,231424.0
47,This Is the Night,Clay Aiken,This Is the Night,2003,0.528,0.56,-8.296,1.0,0.0268,0.151,1.28e-06,0.3,0.372,99.037,212200.0
48,Your Body Is a Wonderland,John Mayer,Your Body Is a Wonderland,2003,0.647,0.729,-6.251,1.0,0.0236,0.0206,0.0489,0.134,0.687,94.01,249627.0
49,Headstrong,Trapt,Headstrong,2003,0.492,0.896,-5.819,0.0,0.117,0.0001719999999999,2.78e-06,0.189,0.534,184.981,285570.0
50,In Those Jeans,Ginuwine,In Those Jeans,2003,0.6910000000000001,0.541,-5.873,1.0,0.0776,0.508,0.0,0.0753,0.319,127.683,243307.0
51,Stand Up,Ludacris,Stand Up,2003,0.751,0.84,-4.855,1.0,0.349,0.367,0.0,0.0916,0.801,99.057,213760.0
52,The Remedy (I Won't Worry),Jason Mraz,The Remedy (I Won't Worry),2003,0.589,0.867,-4.523,1.0,0.0385,0.041,0.0,0.306,0.795,94.52,256441.0
53,Why Don't You & I,Santana,Why Don't You & I,2003,0.495,0.894,-4.89,1.0,0.102,0.136,0.0,0.106,0.777,168.062,274360.0
54,Excuse Me Miss,Jay-Z,Excuse Me Miss,2003,0.714,0.862,-5.531,1.0,0.286,0.0305,0.0,0.0884,0.887,92.849,281240.0
55,Jenny from the Block,Jennifer Lopez,Jenny from the Block,2003,0.84,0.762,-5.454,1.0,0.226,0.00736,3.77e-06,0.0615,0.946,99.987,189765.0
55,Jenny from the Block,Jadakiss,Jenny from the Block,2003,0.8230000000000001,0.714,-9.926,1.0,0.103,0.00432,0.21,0.0621,0.891,99.992,190589.0
55,Jenny from the Block,Styles P,Jenny from the Block,2003,0.8230000000000001,0.714,-9.926,1.0,0.103,0.00432,0.21,0.0621,0.891,99.992,190589.0
56,Are You Happy Now?,Michelle Branch,Are You Happy Now?,2003,0.484,0.8270000000000001,-5.324,1.0,0.046,0.0039,0.00143,0.0876,0.717,179.566,230760.0
57,Forever and for Always,Shania Twain,Forever and for Always,2003,0.469,0.722,-4.806,1.0,0.0326,0.232,0.0,0.123,0.529,85.984,283000.0
58,I Can,Nas,I Can,2003,0.837,0.885,-3.914,0.0,0.182,0.103,0.0,0.0666,0.6940000000000001,95.313,253720.0
59,Underneath It All,No Doubt,Underneath It All,2003,0.729,0.731,-4.823,1.0,0.0682,0.235,1.35e-06,0.391,0.838,138.204,302720.0
59,Underneath It All,Lady Saw,Underneath It All,2003,0.776,0.719,-8.641,1.0,0.0373,0.0454,0.48,0.122,0.966,138.044,250567.0
60,If You're Not the One,Daniel Bedingfield,If You're Not the One,2003,0.687,0.537,-7.639,1.0,0.0305,0.561,0.0,0.107,0.264,120.023,257160.0
61,Thoia Thoing,R. Kelly,Thoia Thoing,2003,0.582,0.642,-4.925,1.0,0.307,0.274,2.98e-05,0.0717,0.936,85.565,221267.0
62,Here Without You,3 Doors Down,Here Without You,2003,0.557,0.533,-6.817,0.0,0.0252,0.0492,0.0,0.205,0.233,143.994,238733.0
63,Wanksta,50 Cent,Wanksta,2003,0.806,0.867,-3.5380000000000003,1.0,0.157,0.02,0.0,0.131,0.904,81.033,219400.0
64,My Love Is Like...Wo,Mýa,My Love Is Like...Wo,2003,0.835,0.678,-6.458,1.0,0.124,0.227,6.44e-06,0.287,0.708,132.868,209490.0
65,It's Five O'Clock Somewhere,Alan Jackson,It's Five O'Clock Somewhere,2003,0.713,0.772,-6.69,1.0,0.0372,0.208,0.0,0.211,0.88,125.202,230133.0
65,It's Five O'Clock Somewhere,Jimmy Buffett,It's Five O'Clock Somewhere,2003,0.615,0.711,-10.398,1.0,0.0458,0.5710000000000001,0.00389,0.957,0.857,127.751,224453.0
66,Like Glue,Sean Paul,Like Glue,2003,0.757,0.78,-5.038,1.0,0.319,0.0811,0.0,0.113,0.589,97.917,232507.0
68,My Front Porch Looking In,Lonestar,My Front Porch Looking In,2003,0.529,0.811,-5.62,1.0,0.0511,0.0317,0.0,0.311,0.454,102.703,223573.0
69,Angel,Amanda Perez,Angel,2003,0.631,0.496,-8.279,0.0,0.0598,0.428,1.01e-06,0.107,0.365,143.735,217627.0
70,She Hates Me,Puddle of Mudd,She Hates Me,2003,0.58,0.748,-5.433,1.0,0.0323,0.00935,0.0,0.753,0.584,109.781,216760.0
71,Don't Wanna Try,Frankie J,Don't Wanna Try,2003,0.655,0.433,-7.577,0.0,0.0348,0.444,0.0,0.221,0.199,130.127,245293.0
72,The Jump Off,Lil' Kim,The Jump Off,2003,0.837,0.736,-8.367,0.0,0.378,0.225,0.0,0.0549,0.905,104.907,234093.0
73,Intuition,Jewel,Intuition,2003,0.718,0.798,-4.309,1.0,0.0586,0.00447,0.00632,0.0639,0.8140000000000001,100.03,228893.0
74,Hell Yeah,Ginuwine,Hell Yeah,2003,0.631,0.714,-7.259,0.0,0.355,0.0272,0.0,0.5640000000000001,0.653,87.98,338733.0
74,Hell Yeah,Baby,Hell Yeah,2003,0.741,0.548,-10.706,0.0,0.157,0.00012,0.00363,0.254,0.257,140.878,211966.0
75,Beer for My Horses,Toby Keith,Beer for My Horses,2003,0.717,0.85,-5.329,1.0,0.0473,0.368,0.0,0.0495,0.805,119.005,204000.0
76,Holidae In,Chingy,Holidae In,2003,0.81,0.791,-5.909,1.0,0.181,0.0893,0.0,0.0838,0.948,153.067,314400.0
77,Suga Suga,Baby Bash,Suga Suga,2003,0.662,0.748,-3.041,0.0,0.268,0.6880000000000001,8.43e-06,0.0841,0.535,82.331,239027.0
77,Suga Suga,Frankie J,Suga Suga,2003,0.684,0.522,-10.726,1.0,0.0479,0.276,0.0,0.0857,0.809,128.622,147840.0
78,Love of My Life (An Ode to Hip-Hop),Erykah Badu,Love of My Life (An Ode to Hip-Hop),2003,0.618,0.413,-9.311,0.0,0.398,0.134,0.000338,0.0913,0.462,87.412,337573.0
79,Fighter,Christina Aguilera,Fighter,2003,0.435,0.92,-1.357,0.0,0.201,0.235,0.0003529999999999,0.552,0.45,188.899,245960.0
80,Thugz Mansion,2Pac,Thugz Mansion,2003,0.7030000000000001,0.639,-6.183,0.0,0.281,0.299,0.0,0.139,0.893,87.908,247600.0
81,Clocks,Coldplay,Clocks,2003,0.577,0.749,-7.215,0.0,0.0279,0.599,0.0115,0.183,0.255,130.97,307880.0
83,Rain on Me,Ashanti,Rain on Me,2003,0.606,0.6990000000000001,-3.103,0.0,0.0337,0.343,1.89e-06,0.0757,0.509,83.701,297960.0
84,19 Somethin',Mark Wills,19 Somethin',2003,0.58,0.8160000000000001,-5.165,1.0,0.0726,0.132,0.0,0.0776,0.8140000000000001,89.938,200467.0
86,Red Dirt Road,Brooks & Dunn,Red Dirt Road,2003,0.595,0.44,-7.795,1.0,0.0309,0.629,4.71e-06,0.0914,0.336,128.334,236973.0
87,What Was I Thinkin',Dierks Bentley,What Was I Thinkin',2003,0.551,0.8250000000000001,-6.24,0.0,0.044,0.152,6.2e-06,0.0999,0.933,164.857,260827.0
88,Flying Without Wings,Ruben Studdard,Flying Without Wings,2003,0.498,0.493,-7.748,1.0,0.0369,0.75,0.0,0.115,0.222,146.049,226133.0
89,Sing for the Moment,Eminem,Sing for the Moment,2003,0.668,0.8240000000000001,-4.164,0.0,0.137,0.0017,3.05e-06,0.0426,0.185,163.961,339547.0
90,Have You Forgotten?,Darryl Worley,Have You Forgotten?,2003,0.478,0.625,-5.975,1.0,0.0341,0.0515,0.0,0.116,0.343,160.196,242293.0
91,"No Shoes, No Shirt, No Problems",Kenny Chesney,"No Shoes, No Shirt, No Problems",2003,0.719,0.546,-10.239,1.0,0.032,0.243,0.00844,0.181,0.669,117.925,209667.0
92,Come Over,Aaliyah,Come Over,2003,0.759,0.458,-7.894,0.0,0.0754,0.559,0.000108,0.164,0.641,109.15,235107.0
93,Sick of Being Lonely,Field Mob,Sick of Being Lonely,2003,0.6920000000000001,0.921,-4.853,1.0,0.105,0.0016,2.05e-05,0.299,0.856,173.837,229160.0
94,Step in the Name of Love,R. Kelly,Step in the Name of Love,2003,0.775,0.53,-6.564,0.0,0.119,0.2,0.0,0.231,0.775,94.985,432147.0
95,I Want You,Thalía,I Want You,2003,0.803,0.773,-3.628,1.0,0.121,0.0107,0.0,0.0632,0.708,91.915,226027.0
96,Like a Stone,Audioslave,Like a Stone,2003,0.614,0.5680000000000001,-5.477,0.0,0.0276,0.00797,0.0,0.0997,0.516,107.849,293960.0
98,Superman,Eminem,Superman,2003,0.802,0.755,-3.138,0.0,0.0564,0.0215,0.0,0.295,0.58,130.027,350320.0
99,Real Good Man,Tim McGraw,Real Good Man,2003,0.56,0.8270000000000001,-5.393,1.0,0.0266,0.00986,1.13e-05,0.328,0.639,89.93,254600.0
100,Say Yes,Floetry,Say Yes,2003,0.747,0.398,-12.932,0.0,0.0743,0.211,1.42e-06,0.113,0.428,117.901,268373.0
1,Yeah!,Usher,Yeah!,2004,0.894,0.791,-4.699,1.0,0.112,0.0183,0.0,0.0388,0.583,105.018,250373.0
1,Yeah!,Lil Jon,Yeah!,2004,0.768,0.843,-4.549,1.0,0.0433,0.203,0.0,0.0561,0.763,123.951,146133.0
2,Burn,Usher,Burn,2004,0.796,0.477,-7.161,1.0,0.108,0.314,0.0,0.12,0.685,119.928,231933.0
3,If I Ain't Got You,Alicia Keys,If I Ain't Got You,2004,0.609,0.444,-9.129,1.0,0.106,0.603,6.86e-06,0.104,0.166,118.402,228707.0
4,This Love,Maroon 5,This Love,2004,0.712,0.862,-4.612,0.0,0.0378,0.0525,0.0,0.093,0.809,95.051,206200.0
5,The Way You Move,OutKast,The Way You Move,2004,0.871,0.597,-4.932,0.0,0.0464,0.126,0.000113,0.0638,0.635,125.999,234000.0
6,The Reason,Hoobastank,The Reason,2004,0.472,0.671,-4.649,1.0,0.029,0.0129,0.0,0.159,0.0681,82.952,232800.0
7,I Don't Wanna Know,Mario Winans,I Don't Wanna Know,2004,0.833,0.44,-8.173,0.0,0.0497,0.123,4.38e-05,0.131,0.424,97.01,256013.0
7,I Don't Wanna Know,P. Diddy,I Don't Wanna Know,2004,0.73,0.284,-11.288,0.0,0.166,0.0268,0.501,0.217,0.484,193.971,225267.0
8,Hey Ya!,OutKast,Hey Ya!,2004,0.727,0.974,-2.261,0.0,0.0664,0.103,0.000532,0.174,0.965,79.526,235213.0
9,Goodies,Ciara,Goodies,2004,0.8260000000000001,0.647,-6.306,0.0,0.0491,0.0277,1.52e-06,0.298,0.872,102.017,223000.0
10,Lean Back,Terror Squad,Lean Back,2004,0.783,0.916,-3.344,1.0,0.415,0.11,0.0,0.0746,0.6950000000000001,95.321,247427.0
10,Lean Back,Fat Joe,Lean Back,2004,0.611,0.754,-5.035,0.0,0.366,0.116,0.0,0.0945,0.5650000000000001,126.961,290267.0
11,Tipsy,J-Kwon,Tipsy,2004,0.925,0.744,-5.79,1.0,0.367,0.0644,0.0,0.0888,0.656,93.02,243227.0
12,Confessions Part II,Usher,Confessions Part II,2004,0.845,0.467,-7.674,1.0,0.138,0.0586,0.0,0.0694,0.7020000000000001,138.007,211200.0
13,Slow Motion,Juvenile,Slow Motion,2004,0.713,0.734,-4.894,0.0,0.325,0.548,0.0,0.0687,0.89,172.872,248200.0
13,Slow Motion,Soulja Slim,Slow Motion,2004,0.718,0.749,-4.964,1.0,0.306,0.521,0.0,0.748,0.906,173.054,199187.0
14,Freek-a-Leek,Petey Pablo,Freek-a-Leek,2004,0.756,0.6910000000000001,-3.718,1.0,0.178,0.0744,0.0,0.364,0.632,104.999,235187.0
15,Here Without You,3 Doors Down,Here Without You,2004,0.557,0.533,-6.817,0.0,0.0252,0.0492,0.0,0.205,0.233,143.994,238733.0
16,Slow Jamz,Twista,Slow Jamz,2004,0.559,0.733,-5.659,0.0,0.171,0.314,0.0,0.284,0.611,145.115,316053.0
17,Someday,Nickelback,Someday,2004,0.455,0.858,-5.659,0.0,0.0391,0.000616,0.000247,0.226,0.597,163.118,207467.0
18,Naughty Girl,Beyoncé,Naughty Girl,2004,0.588,0.461,-8.686,0.0,0.161,0.237,1.5399999999999998e-05,0.0913,0.659,200.053,208573.0
19,My Immortal,Evanescence,My Immortal,2004,0.19,0.265,-9.206,1.0,0.0356,0.863,0.0,0.134,0.101,79.012,262533.0
20,Sunshine,Lil' Flip,Sunshine,2004,0.8140000000000001,0.387,-9.867,1.0,0.0946,0.0248,0.0,0.131,0.792,93.961,225173.0
21,Dirt Off Your Shoulder,Jay-Z,Dirt Off Your Shoulder,2004,0.78,0.657,-7.149,1.0,0.317,0.0321,2.56e-06,0.339,0.648,163.969,245173.0
22,Move Ya Body,Nina Sky,Move Ya Body,2004,0.87,0.712,-6.313,0.0,0.0432,0.0202,0.0003309999999999,0.0576,0.877,121.057,232000.0
23,Dip It Low,Christina Milian,Dip It Low,2004,0.754,0.718,-4.209,0.0,0.111,0.0122,0.000111,0.0923,0.5760000000000001,169.116,201000.0
24,My Boo,Usher,My Boo,2004,0.662,0.507,-8.238,1.0,0.118,0.257,0.0,0.0465,0.676,86.412,223440.0
25,One Call Away,Chingy,One Call Away,2004,0.765,0.8210000000000001,-5.926,0.0,0.183,0.0918,0.0,0.217,0.962,162.519,276800.0
26,"Me, Myself and I",Beyoncé,"Me, Myself and I",2004,0.75,0.458,-9.092,1.0,0.0803,0.226,3.25e-05,0.137,0.536,83.61,301133.0
27,Turn Me On,Kevin Lyttle,Turn Me On,2004,0.677,0.682,-6.879,1.0,0.0361,0.0405,0.0,0.0351,0.875,106.279,192107.0
28,The First Cut Is the Deepest,Sheryl Crow,The First Cut Is the Deepest,2004,0.501,0.749,-4.537,1.0,0.0279,0.0176,0.0,0.114,0.673,159.817,226200.0
29,You Don't Know My Name,Alicia Keys,You Don't Know My Name,2004,0.264,0.663,-8.264,1.0,0.187,0.59,0.00443,0.342,0.249,167.078,366733.0
30,My Place,Nelly,My Place,2004,0.6000000000000001,0.641,-4.237,0.0,0.0423,0.0498,1.49e-06,0.0982,0.642,163.153,336507.0
31,Overnight Celebrity,Twista,Overnight Celebrity,2004,0.8280000000000001,0.792,-5.435,0.0,0.179,0.182,0.0,0.281,0.777,134.199,233360.0
32,Hotel,Cassidy,Hotel,2004,0.68,0.659,-6.855,1.0,0.211,0.118,0.0,0.107,0.411,91.259,247040.0
32,Hotel,R. Kelly,Hotel,2004,0.869,0.522,-9.845,0.0,0.266,0.0361,0.00711,0.103,0.492,91.148,254867.0
33,Numb,Linkin Park,Numb,2004,0.496,0.863,-4.153,1.0,0.0381,0.0046,0.0,0.639,0.243,110.018,185587.0
34,Diary,Alicia Keys,Diary,2004,0.663,0.465,-9.711,0.0,0.0317,0.555,0.00183,0.125,0.279,127.932,284160.0
35,She Will Be Loved,Maroon 5,She Will Be Loved,2004,0.651,0.663,-5.569,0.0,0.0281,0.228,0.0,0.0994,0.465,102.0,259453.0
36,White Flag,Dido,White Flag,2004,0.509,0.538,-6.835,1.0,0.0379,0.306,5.03e-06,0.091,0.284,170.111,240600.0
37,Heaven,Los Lonely Boys,Heaven,2004,0.653,0.8160000000000001,-6.373,1.0,0.0638,0.376,1.61e-06,0.0754,0.802,91.894,226960.0
39,Pieces of Me,Ashlee Simpson,Pieces of Me,2004,0.532,0.807,-4.301,1.0,0.057,0.0584,0.0,0.114,0.759,87.183,217440.0
40,Leave (Get Out),JoJo,Leave (Get Out),2004,0.491,0.73,-4.399,0.0,0.0432,0.039,0.0,0.112,0.461,87.098,239560.0
41,Milkshake,Kelis,Milkshake,2004,0.891,0.77,-6.124,1.0,0.0439,0.00862,0.0315,0.155,0.8190000000000001,112.997,182627.0
42,Splash Waterfalls,Ludacris,Splash Waterfalls,2004,0.734,0.846,-6.102,1.0,0.409,0.101,0.0,0.233,0.7020000000000001,145.894,290760.0
43,Jesus Walks,Kanye West,Jesus Walks,2004,0.637,0.834,-4.686,0.0,0.323,0.614,0.0,0.317,0.715,87.312,193733.0
44,Locked Up,Akon,Locked Up,2004,0.833,0.5680000000000001,-4.312,1.0,0.0847,0.0262,0.0,0.11,0.369,89.958,235067.0
45,Stand Up,Ludacris,Stand Up,2004,0.751,0.84,-4.855,1.0,0.349,0.367,0.0,0.0916,0.801,99.057,213760.0
46,Suga Suga,Baby Bash,Suga Suga,2004,0.662,0.748,-3.041,0.0,0.268,0.6880000000000001,8.43e-06,0.0841,0.535,82.331,239027.0
46,Suga Suga,Frankie J,Suga Suga,2004,0.684,0.522,-10.726,1.0,0.0479,0.276,0.0,0.0857,0.809,128.622,147840.0
47,All Falls Down,Kanye West,All Falls Down,2004,0.657,0.734,-4.832,0.0,0.484,0.149,0.0,0.139,0.434,91.03,223507.0
48,Toxic,Britney Spears,Toxic,2004,0.774,0.838,-3.914,0.0,0.114,0.0249,0.025,0.242,0.924,143.04,198800.0
49,Salt Shaker,Ying Yang Twins,Salt Shaker,2004,0.884,0.6970000000000001,-6.022,1.0,0.128,0.0509,0.0,0.094,0.322,101.965,252440.0
50,With You,Jessica Simpson,With You,2004,0.553,0.756,-4.583,1.0,0.108,0.0923,0.0,0.215,0.605,94.487,191827.0
51,Meant to Live,Switchfoot,Meant to Live,2004,0.397,0.903,-4.577,1.0,0.0457,0.00575,1.6e-06,0.362,0.556,151.551,201373.0
52,I Like That,Houston,I Like That,2004,0.797,0.502,-3.925,0.0,0.0968,0.0154,0.0,0.1,0.385,106.997,236520.0
52,I Like That,Nate Dogg,I Like That,2004,0.751,0.445,-7.279,0.0,0.149,0.0508,0.0,0.355,0.433,107.003,74080.0
52,I Like That,I-20,I Like That,2004,0.677,0.623,-11.675,1.0,0.039,0.02,0.746,0.101,0.287,103.008,247615.0
53,Sorry 2004,Ruben Studdard,Sorry 2004,2004,0.721,0.472,-7.574,1.0,0.0619,0.076,0.0,0.332,0.462,129.964,261867.0
54,My Happy Ending,Avril Lavigne,My Happy Ending,2004,0.414,0.936,-2.407,1.0,0.0758,0.00136,0.0,0.369,0.74,170.229,242413.0
55,On Fire,Lloyd Banks,On Fire,2004,0.759,0.8250000000000001,-4.289,1.0,0.22,0.0923,0.00057,0.24,0.429,94.857,187280.0
56,Roses,OutKast,Roses,2004,0.751,0.708,-5.6530000000000005,1.0,0.0545,0.0482,1.85e-05,0.107,0.509,108.97,369573.0
57,Walked Outta Heaven,Jagged Edge,Walked Outta Heaven,2004,0.67,0.616,-6.123,1.0,0.225,0.5730000000000001,0.0,0.0535,0.523,120.129,270880.0
59,My Band,D12,My Band,2004,0.851,0.849,-3.383,0.0,0.0828,0.497,2.05e-06,0.116,0.844,120.014,298773.0
60,I'm Still in Love with You,Sean Paul,I'm Still in Love with You,2004,0.762,0.669,-5.385,1.0,0.169,0.0957,0.0,0.0619,0.765,86.998,274666.0
61,Through the Wire,Kanye West,Through the Wire,2004,0.5710000000000001,0.739,-6.11,1.0,0.247,0.00865,5.21e-06,0.158,0.66,83.089,221227.0
62,Why?,Jadakiss,Why?,2004,0.602,0.938,-3.378,0.0,0.238,0.0164,0.0,0.0612,0.562,168.417,240000.0
62,Why?,Anthony Hamilton,Why?,2004,0.664,0.5750000000000001,-6.924,0.0,0.172,0.484,1.75e-05,0.146,0.711,88.32,265200.0
63,Fuck It (I Don't Want You Back),Eamon,Fuck It (I Don't Want You Back),2004,0.8280000000000001,0.653,-6.245,0.0,0.0653,0.214,3.25e-06,0.0404,0.5750000000000001,68.507,225107.0
64,Read Your Mind,Avant,Read Your Mind,2004,0.755,0.381,-6.696,0.0,0.0711,0.291,5.13e-06,0.0974,0.6950000000000001,73.108,263507.0
65,Game Over (Flip),Lil' Flip,Game Over (Flip),2004,0.8300000000000001,0.577,-8.694,1.0,0.405,0.00291,1.24e-06,0.0906,0.665,160.039,232427.0
66,One Thing,Finger Eleven,One Thing,2004,0.588,0.555,-9.401,1.0,0.0334,0.447,0.0,0.0806,0.445,151.991,279573.0
67,Headsprung,LL Cool J,Headsprung,2004,0.718,0.786,-5.76,1.0,0.0284,0.0114,2.5e-05,0.0745,0.465,99.916,267320.0
68,Damn!,YoungBloodZ,Damn!,2004,0.772,0.724,-5.799,0.0,0.307,0.0149,0.0,0.355,0.518,84.038,298600.0
68,Damn!,Lil Jon,Damn!,2004,0.626,0.513,-8.731,1.0,0.448,0.0533,0.0,0.0805,0.426,141.98,231424.0
69,Baby Boy,Beyoncé,Baby Boy,2004,0.655,0.488,-9.17,1.0,0.22,0.0825,1.16e-06,0.221,0.791,91.025,244827.0
69,Baby Boy,Sean Paul,Baby Boy,2004,0.677,0.621,-5.725,1.0,0.23,0.0667,2.46e-06,0.142,0.8180000000000001,91.147,246707.0
70,Get Low,Lil Jon & the East Side Boyz,Get Low,2004,0.521,0.625,-7.47,1.0,0.067,0.0301,0.0,0.121,0.136,101.019,334067.0
48,Dirty Little Secret,The All-American Rejects,Dirty Little Secret,2006,0.465,0.954,-4.251,1.0,0.044,0.000346,5.38e-06,0.5730000000000001,0.458,143.85,193653.0
17,Whistle,Flo Rida,Whistle,2012,0.747,0.937,-5.746,1.0,0.0453,0.0208,0.0,0.29,0.739,103.976,224653.0
